Localidade;Nu_local;Local;Endereco;CEP;Bairro;Secao;Apto
VITÓRIA;2380;CMEI DR. PEDRO FEU ROSA;R. ALOÍSIO DE MENEZES, 298;29047090;bonfim;1014;262
VITÓRIA;2380;CMEI DR. PEDRO FEU ROSA;R. ALOÍSIO DE MENEZES, 298;29047090;bonfim;1015;273
VITÓRIA;2380;CMEI DR. PEDRO FEU ROSA;R. ALOÍSIO DE MENEZES, 298;29047090;bonfim;1016;265
VITÓRIA;2380;CMEI DR. PEDRO FEU ROSA;R. ALOÍSIO DE MENEZES, 298;29047090;bonfim;1017;267
VITÓRIA;2380;CMEI DR. PEDRO FEU ROSA;R. ALOÍSIO DE MENEZES, 298;29047090;bonfim;1018;212
VITÓRIA;2399;EMEF PREZIDEU AMORIM;RUA ALOÍSIO MENEZES, 220;29047090;bonfim;1019;338
VITÓRIA;2399;EMEF PREZIDEU AMORIM;RUA ALOÍSIO MENEZES, 220;29047090;bonfim;1020;342
VITÓRIA;2399;EMEF PREZIDEU AMORIM;RUA ALOÍSIO MENEZES, 220;29047090;bonfim;1021;342
VITÓRIA;2399;EMEF PREZIDEU AMORIM;RUA ALOÍSIO MENEZES, 220;29047090;bonfim;1022;339
VITÓRIA;2399;EMEF PREZIDEU AMORIM;RUA ALOÍSIO MENEZES, 220;29047090;bonfim;1023;237
VITÓRIA;2399;EMEF PREZIDEU AMORIM;RUA ALOÍSIO MENEZES, 220;29047090;bonfim;1024;335
VITÓRIA;2399;EMEF PREZIDEU AMORIM;RUA ALOÍSIO MENEZES, 220;29047090;bonfim;1025;394
VITÓRIA;2399;EMEF PREZIDEU AMORIM;RUA ALOÍSIO MENEZES, 220;29047090;bonfim;1071;239
VITÓRIA;2208;CMEI  SINCLAIR PHILLIPS;RUA SERVIDÃO VITORIA SANTANA RIBEIRO, 40;29025590;CARATOÍRA;648;401
VITÓRIA;2208;CMEI  SINCLAIR PHILLIPS;RUA SERVIDÃO VITORIA SANTANA RIBEIRO, 40;29025590;CARATOÍRA;670;411
VITÓRIA;2208;CMEI  SINCLAIR PHILLIPS;RUA SERVIDÃO VITORIA SANTANA RIBEIRO, 40;29025590;CARATOÍRA;1064;377
VITÓRIA;1023;CEEJA - CENTRO ESTADUAL DE ;RUA SÃO BENTO, 66 - FONTE GRANDE;29016290;CENTRO;3;302
VITÓRIA;1023;CEEJA - CENTRO ESTADUAL DE ;RUA SÃO BENTO, 66 - FONTE GRANDE;29016290;CENTRO;4;304
VITÓRIA;1023;CEEJA - CENTRO ESTADUAL DE ;RUA SÃO BENTO, 66 - FONTE GRANDE;29016290;CENTRO;6;307
VITÓRIA;1023;CEEJA - CENTRO ESTADUAL DE ;RUA SÃO BENTO, 66 - FONTE GRANDE;29016290;CENTRO;46;302
VITÓRIA;1023;CEEJA - CENTRO ESTADUAL DE ;RUA SÃO BENTO, 66 - FONTE GRANDE;29016290;CENTRO;532;302
VITÓRIA;1023;CEEJA - CENTRO ESTADUAL DE ;RUA SÃO BENTO, 66 - FONTE GRANDE;29016290;CENTRO;543;305
VITÓRIA;1090;EEEFM MARIA ORTIZ;RUA FRANCISCO ARAUJO, S/N - CIDADE ALTA;29015090;CENTRO;25;302
VITÓRIA;1090;EEEFM MARIA ORTIZ;RUA FRANCISCO ARAUJO, S/N - CIDADE ALTA;29015090;CENTRO;26;300
VITÓRIA;1090;EEEFM MARIA ORTIZ;RUA FRANCISCO ARAUJO, S/N - CIDADE ALTA;29015090;CENTRO;27;299
VITÓRIA;1090;EEEFM MARIA ORTIZ;RUA FRANCISCO ARAUJO, S/N - CIDADE ALTA;29015090;CENTRO;29;298
VITÓRIA;1090;EEEFM MARIA ORTIZ;RUA FRANCISCO ARAUJO, S/N - CIDADE ALTA;29015090;CENTRO;32;300
VITÓRIA;1090;EEEFM MARIA ORTIZ;RUA FRANCISCO ARAUJO, S/N - CIDADE ALTA;29015090;CENTRO;45;298
VITÓRIA;1104;EMEF SÃO VICENTE DE PAULO;PRAÇA IRMÃ JOSEFA HOZANNAH,  S/N;29015560;CENTRO;34;333
VITÓRIA;1104;EMEF SÃO VICENTE DE PAULO;PRAÇA IRMÃ JOSEFA HOZANNAH,  S/N;29015560;CENTRO;35;336
VITÓRIA;1104;EMEF SÃO VICENTE DE PAULO;PRAÇA IRMÃ JOSEFA HOZANNAH,  S/N;29015560;CENTRO;36;330
VITÓRIA;1104;EMEF SÃO VICENTE DE PAULO;PRAÇA IRMÃ JOSEFA HOZANNAH,  S/N;29015560;CENTRO;611;329
VITÓRIA;1104;EMEF SÃO VICENTE DE PAULO;PRAÇA IRMÃ JOSEFA HOZANNAH,  S/N;29015560;CENTRO;1068;338
VITÓRIA;1147;CMEI ERNESTINA PESSOA;R. LOREN RENO, 115;29020755;CENTRO;47;245
VITÓRIA;1147;CMEI ERNESTINA PESSOA;R. LOREN RENO, 115;29020755;CENTRO;48;242
VITÓRIA;1147;CMEI ERNESTINA PESSOA;R. LOREN RENO, 115;29020755;CENTRO;51;239
VITÓRIA;1147;CMEI ERNESTINA PESSOA;R. LOREN RENO, 115;29020755;CENTRO;59;245
VITÓRIA;1147;CMEI ERNESTINA PESSOA;R. LOREN RENO, 115;29020755;CENTRO;61;244
VITÓRIA;1147;CMEI ERNESTINA PESSOA;R. LOREN RENO, 115;29020755;CENTRO;627;240
VITÓRIA;2305;CMEI LAURENTINA MENDONÇA ;RUA PROF. ANÍZIA CORRÊA ROCHA, 120;29045480;CONSOLAÇÃO;954;360
VITÓRIA;2305;CMEI LAURENTINA MENDONÇA ;RUA PROF. ANÍZIA CORRÊA ROCHA, 120;29045480;CONSOLAÇÃO;955;349
VITÓRIA;2305;CMEI LAURENTINA MENDONÇA ;RUA PROF. ANÍZIA CORRÊA ROCHA, 120;29045480;CONSOLAÇÃO;956;359
VITÓRIA;2305;CMEI LAURENTINA MENDONÇA ;RUA PROF. ANÍZIA CORRÊA ROCHA, 120;29045480;CONSOLAÇÃO;957;365
VITÓRIA;2267;EEEFM  AFLORDÍZIO ;RUA ENGENHEIRO RUBENS BLEY, S/N;29047170;DA PENHA;918;235
VITÓRIA;2267;EEEFM  AFLORDÍZIO ;RUA ENGENHEIRO RUBENS BLEY, S/N;29047170;DA PENHA;919;234
VITÓRIA;2267;EEEFM  AFLORDÍZIO ;RUA ENGENHEIRO RUBENS BLEY, S/N;29047170;DA PENHA;920;236
VITÓRIA;2267;EEEFM  AFLORDÍZIO ;RUA ENGENHEIRO RUBENS BLEY, S/N;29047170;DA PENHA;921;235
VITÓRIA;2267;EEEFM  AFLORDÍZIO ;RUA ENGENHEIRO RUBENS BLEY, S/N;29047170;DA PENHA;922;235
VITÓRIA;2267;EEEFM  AFLORDÍZIO ;RUA ENGENHEIRO RUBENS BLEY, S/N;29047170;DA PENHA;923;236
VITÓRIA;2267;EEEFM  AFLORDÍZIO ;RUA ENGENHEIRO RUBENS BLEY, S/N;29047170;DA PENHA;924;240
VITÓRIA;2267;EEEFM  AFLORDÍZIO ;RUA ENGENHEIRO RUBENS BLEY, S/N;29047170;DA PENHA;925;239
VITÓRIA;2267;EEEFM  AFLORDÍZIO ;RUA ENGENHEIRO RUBENS BLEY, S/N;29047170;DA PENHA;926;240
VITÓRIA;2267;EEEFM  AFLORDÍZIO ;RUA ENGENHEIRO RUBENS BLEY, S/N;29047170;DA PENHA;927;241
VITÓRIA;2267;EEEFM  AFLORDÍZIO ;RUA ENGENHEIRO RUBENS BLEY, S/N;29047170;DA PENHA;928;234
VITÓRIA;2267;EEEFM  AFLORDÍZIO ;RUA ENGENHEIRO RUBENS BLEY, S/N;29047170;DA PENHA;929;238
VITÓRIA;2267;EEEFM  AFLORDÍZIO ;RUA ENGENHEIRO RUBENS BLEY, S/N;29047170;DA PENHA;930;238
VITÓRIA;2267;EEEFM  AFLORDÍZIO ;RUA ENGENHEIRO RUBENS BLEY, S/N;29047170;DA PENHA;932;239
VITÓRIA;2283;EMEF ZILDA ANDRADE;AV. PROF. HERMÍNIO BLACKMAN, 778;29047200;DA PENHA;938;310
VITÓRIA;2283;EMEF ZILDA ANDRADE;AV. PROF. HERMÍNIO BLACKMAN, 778;29047200;DA PENHA;939;302
VITÓRIA;2283;EMEF ZILDA ANDRADE;AV. PROF. HERMÍNIO BLACKMAN, 778;29047200;DA PENHA;940;306
VITÓRIA;2283;EMEF ZILDA ANDRADE;AV. PROF. HERMÍNIO BLACKMAN, 778;29047200;DA PENHA;941;308
VITÓRIA;2283;EMEF ZILDA ANDRADE;AV. PROF. HERMÍNIO BLACKMAN, 778;29047200;DA PENHA;942;305
VITÓRIA;2283;EMEF ZILDA ANDRADE;AV. PROF. HERMÍNIO BLACKMAN, 778;29047200;DA PENHA;943;306
VITÓRIA;2283;EMEF ZILDA ANDRADE;AV. PROF. HERMÍNIO BLACKMAN, 778;29047200;DA PENHA;944;304
VITÓRIA;2283;EMEF ZILDA ANDRADE;AV. PROF. HERMÍNIO BLACKMAN, 778;29047200;DA PENHA;945;294
VITÓRIA;2275;EMEF CUSTÓDIA DIAS DE CAMPOS;R. SANTA RITA DE CÁSSIA, S/N;29042260;DE LOURDES;933;282
VITÓRIA;2275;EMEF CUSTÓDIA DIAS DE CAMPOS;R. SANTA RITA DE CÁSSIA, S/N;29042260;DE LOURDES;934;349
VITÓRIA;2275;EMEF CUSTÓDIA DIAS DE CAMPOS;R. SANTA RITA DE CÁSSIA, S/N;29042260;DE LOURDES;935;340
VITÓRIA;2275;EMEF CUSTÓDIA DIAS DE CAMPOS;R. SANTA RITA DE CÁSSIA, S/N;29042260;DE LOURDES;936;357
VITÓRIA;2275;EMEF CUSTÓDIA DIAS DE CAMPOS;R. SANTA RITA DE CÁSSIA, S/N;29042260;DE LOURDES;937;370
VITÓRIA;1970;CMEI ODILA SIMÕES;RUA SÃO JOÃO, 639;29025280;DO QUADRO;433;330
VITÓRIA;1970;CMEI ODILA SIMÕES;RUA SÃO JOÃO, 639;29025280;DO QUADRO;435;325
VITÓRIA;1970;CMEI ODILA SIMÕES;RUA SÃO JOÃO, 639;29025280;DO QUADRO;436;328
VITÓRIA;1970;CMEI ODILA SIMÕES;RUA SÃO JOÃO, 639;29025280;DO QUADRO;515;328
VITÓRIA;1970;CMEI ODILA SIMÕES;RUA SÃO JOÃO, 639;29025280;DO QUADRO;541;330
VITÓRIA;1970;CMEI ODILA SIMÕES;RUA SÃO JOÃO, 639;29025280;DO QUADRO;569;327
VITÓRIA;1970;CMEI ODILA SIMÕES;RUA SÃO JOÃO, 639;29025280;DO QUADRO;608;324
VITÓRIA;1180;COLÉGIO SALESIANO N. SRª ;AV. VITÓRIA, 950;29010580;FORTE SÃO JOÃO;62;351
VITÓRIA;1180;COLÉGIO SALESIANO N. SRª ;AV. VITÓRIA, 950;29010580;FORTE SÃO JOÃO;63;344
VITÓRIA;1180;COLÉGIO SALESIANO N. SRª ;AV. VITÓRIA, 950;29010580;FORTE SÃO JOÃO;64;350
VITÓRIA;1180;COLÉGIO SALESIANO N. SRª ;AV. VITÓRIA, 950;29010580;FORTE SÃO JOÃO;65;345
VITÓRIA;1180;COLÉGIO SALESIANO N. SRª ;AV. VITÓRIA, 950;29010580;FORTE SÃO JOÃO;66;343
VITÓRIA;1180;COLÉGIO SALESIANO N. SRª ;AV. VITÓRIA, 950;29010580;FORTE SÃO JOÃO;67;347
VITÓRIA;1180;COLÉGIO SALESIANO N. SRª ;AV. VITÓRIA, 950;29010580;FORTE SÃO JOÃO;68;351
VITÓRIA;1180;COLÉGIO SALESIANO N. SRª ;AV. VITÓRIA, 950;29010580;FORTE SÃO JOÃO;628;352
VITÓRIA;1180;COLÉGIO SALESIANO N. SRª ;AV. VITÓRIA, 950;29010580;FORTE SÃO JOÃO;1060;354
VITÓRIA;1228;EMEF JOSÉ ÁUREO MONJARDIM;LAD. MODESTO DE SÁ CAVALCANTE, 163;29042560;FRADINHOS;92;273
VITÓRIA;1228;EMEF JOSÉ ÁUREO MONJARDIM;LAD. MODESTO DE SÁ CAVALCANTE, 163;29042560;FRADINHOS;93;333
VITÓRIA;1228;EMEF JOSÉ ÁUREO MONJARDIM;LAD. MODESTO DE SÁ CAVALCANTE, 163;29042560;FRADINHOS;579;343
VITÓRIA;1228;EMEF JOSÉ ÁUREO MONJARDIM;LAD. MODESTO DE SÁ CAVALCANTE, 163;29042560;FRADINHOS;912;286
VITÓRIA;1856;EMEF PROFª.  MARIA STELLA DE ;RUA OITO DE JUNHO, 302;29031336;GRANDE VITÓRIA;476;389
VITÓRIA;1856;EMEF PROFª.  MARIA STELLA DE ;RUA OITO DE JUNHO, 302;29031336;GRANDE VITÓRIA;477;384
VITÓRIA;1856;EMEF PROFª.  MARIA STELLA DE ;RUA OITO DE JUNHO, 302;29031336;GRANDE VITÓRIA;478;391
VITÓRIA;1856;EMEF PROFª.  MARIA STELLA DE ;RUA OITO DE JUNHO, 302;29031336;GRANDE VITÓRIA;577;402
VITÓRIA;1856;EMEF PROFª.  MARIA STELLA DE ;RUA OITO DE JUNHO, 302;29031336;GRANDE VITÓRIA;592;392
VITÓRIA;1856;EMEF PROFª.  MARIA STELLA DE ;RUA OITO DE JUNHO, 302;29031336;GRANDE VITÓRIA;638;390
VITÓRIA;1856;EMEF PROFª.  MARIA STELLA DE ;RUA OITO DE JUNHO, 302;29031336;GRANDE VITÓRIA;658;382
VITÓRIA;1856;EMEF PROFª.  MARIA STELLA DE ;RUA OITO DE JUNHO, 302;29031336;GRANDE VITÓRIA;672;402
VITÓRIA;1856;EMEF PROFª.  MARIA STELLA DE ;RUA OITO DE JUNHO, 302;29031336;GRANDE VITÓRIA;913;401
VITÓRIA;1856;EMEF PROFª.  MARIA STELLA DE ;RUA OITO DE JUNHO, 302;29031336;GRANDE VITÓRIA;1061;392
VITÓRIA;2429;FACULDADE DOCTUM (ANTES ;AVENIDA VITÓRIA, 2703, VITÓRIA/ES;29045160;HORTO;1045;327
VITÓRIA;2429;FACULDADE DOCTUM (ANTES ;AVENIDA VITÓRIA, 2703, VITÓRIA/ES;29045160;HORTO;1046;335
VITÓRIA;2429;FACULDADE DOCTUM (ANTES ;AVENIDA VITÓRIA, 2703, VITÓRIA/ES;29045160;HORTO;1047;326
VITÓRIA;2429;FACULDADE DOCTUM (ANTES ;AVENIDA VITÓRIA, 2703, VITÓRIA/ES;29045160;HORTO;1048;331
VITÓRIA;2429;FACULDADE DOCTUM (ANTES ;AVENIDA VITÓRIA, 2703, VITÓRIA/ES;29045160;HORTO;1049;329
VITÓRIA;2429;FACULDADE DOCTUM (ANTES ;AVENIDA VITÓRIA, 2703, VITÓRIA/ES;29045160;HORTO;1050;331
VITÓRIA;2429;FACULDADE DOCTUM (ANTES ;AVENIDA VITÓRIA, 2703, VITÓRIA/ES;29045160;HORTO;1051;331
VITÓRIA;2429;FACULDADE DOCTUM (ANTES ;AVENIDA VITÓRIA, 2703, VITÓRIA/ES;29045160;HORTO;1052;328
VITÓRIA;2429;FACULDADE DOCTUM (ANTES ;AVENIDA VITÓRIA, 2703, VITÓRIA/ES;29045160;HORTO;1053;328
VITÓRIA;1945;EMEF ELIANE RODRIGUES DOS ;RUA FELICIDADE CORRÊA DOS SANTOS, 620;29032118;ILHA DAS CAIEIRAS;482;199
VITÓRIA;1945;EMEF ELIANE RODRIGUES DOS ;RUA FELICIDADE CORRÊA DOS SANTOS, 620;29032118;ILHA DAS CAIEIRAS;483;370
VITÓRIA;1945;EMEF ELIANE RODRIGUES DOS ;RUA FELICIDADE CORRÊA DOS SANTOS, 620;29032118;ILHA DAS CAIEIRAS;484;366
VITÓRIA;1945;EMEF ELIANE RODRIGUES DOS ;RUA FELICIDADE CORRÊA DOS SANTOS, 620;29032118;ILHA DAS CAIEIRAS;485;376
VITÓRIA;1945;EMEF ELIANE RODRIGUES DOS ;RUA FELICIDADE CORRÊA DOS SANTOS, 620;29032118;ILHA DAS CAIEIRAS;505;389
VITÓRIA;1945;EMEF ELIANE RODRIGUES DOS ;RUA FELICIDADE CORRÊA DOS SANTOS, 620;29032118;ILHA DAS CAIEIRAS;542;377
VITÓRIA;1945;EMEF ELIANE RODRIGUES DOS ;RUA FELICIDADE CORRÊA DOS SANTOS, 620;29032118;ILHA DAS CAIEIRAS;614;374
VITÓRIA;1945;EMEF ELIANE RODRIGUES DOS ;RUA FELICIDADE CORRÊA DOS SANTOS, 620;29032118;ILHA DAS CAIEIRAS;618;204
VITÓRIA;1945;EMEF ELIANE RODRIGUES DOS ;RUA FELICIDADE CORRÊA DOS SANTOS, 620;29032118;ILHA DAS CAIEIRAS;1055;356
VITÓRIA;1945;EMEF ELIANE RODRIGUES DOS ;RUA FELICIDADE CORRÊA DOS SANTOS, 620;29032118;ILHA DAS CAIEIRAS;1073;204
VITÓRIA;2461;EEEFM ELZA LEMOS ANDREATTA;RUA AMADEU MUNIZ CORREA, 100;29032120;ILHA DAS CAIEIRAS;1077;373
VITÓRIA;2461;EEEFM ELZA LEMOS ANDREATTA;RUA AMADEU MUNIZ CORREA, 100;29032120;ILHA DAS CAIEIRAS;1082;367
VITÓRIA;2461;EEEFM ELZA LEMOS ANDREATTA;RUA AMADEU MUNIZ CORREA, 100;29032120;ILHA DAS CAIEIRAS;1087;252
VITÓRIA;1244;EMEF PADRE ANCHIETA;RUA JOÃO SANTOS FILHO, 295;29051145;ILHA DE SANTA MARIA;95;354
VITÓRIA;1244;EMEF PADRE ANCHIETA;RUA JOÃO SANTOS FILHO, 295;29051145;ILHA DE SANTA MARIA;96;350
VITÓRIA;1244;EMEF PADRE ANCHIETA;RUA JOÃO SANTOS FILHO, 295;29051145;ILHA DE SANTA MARIA;97;349
VITÓRIA;1244;EMEF PADRE ANCHIETA;RUA JOÃO SANTOS FILHO, 295;29051145;ILHA DE SANTA MARIA;99;352
VITÓRIA;1244;EMEF PADRE ANCHIETA;RUA JOÃO SANTOS FILHO, 295;29051145;ILHA DE SANTA MARIA;100;351
VITÓRIA;1244;EMEF PADRE ANCHIETA;RUA JOÃO SANTOS FILHO, 295;29051145;ILHA DE SANTA MARIA;102;341
VITÓRIA;1732;EMEF CASTELO BRANCO;RUA JUREMA BARROSO, 130;29020430;ILHA DO PRÍNCIPE;419;304
VITÓRIA;1732;EMEF CASTELO BRANCO;RUA JUREMA BARROSO, 130;29020430;ILHA DO PRÍNCIPE;420;310
VITÓRIA;1732;EMEF CASTELO BRANCO;RUA JUREMA BARROSO, 130;29020430;ILHA DO PRÍNCIPE;537;310
VITÓRIA;1732;EMEF CASTELO BRANCO;RUA JUREMA BARROSO, 130;29020430;ILHA DO PRÍNCIPE;626;304
VITÓRIA;1740;EMEF MOACYR AVIDOS;RUA JUREMA BARROSO, 58;29020430;ILHA DO PRÍNCIPE;422;253
VITÓRIA;1740;EMEF MOACYR AVIDOS;RUA JUREMA BARROSO, 58;29020430;ILHA DO PRÍNCIPE;423;264
VITÓRIA;1740;EMEF MOACYR AVIDOS;RUA JUREMA BARROSO, 58;29020430;ILHA DO PRÍNCIPE;424;259
VITÓRIA;1740;EMEF MOACYR AVIDOS;RUA JUREMA BARROSO, 58;29020430;ILHA DO PRÍNCIPE;426;260
VITÓRIA;1740;EMEF MOACYR AVIDOS;RUA JUREMA BARROSO, 58;29020430;ILHA DO PRÍNCIPE;427;257
VITÓRIA;2445;EMEF HELOISA ABREU JUDICE DE ;RUA MANOEL FERREIRA CONSTANTINO, 400;29023177;INHANGUETÁ;468;390
VITÓRIA;2445;EMEF HELOISA ABREU JUDICE DE ;RUA MANOEL FERREIRA CONSTANTINO, 400;29023177;INHANGUETÁ;469;392
VITÓRIA;2445;EMEF HELOISA ABREU JUDICE DE ;RUA MANOEL FERREIRA CONSTANTINO, 400;29023177;INHANGUETÁ;470;388
VITÓRIA;2445;EMEF HELOISA ABREU JUDICE DE ;RUA MANOEL FERREIRA CONSTANTINO, 400;29023177;INHANGUETÁ;471;394
VITÓRIA;2445;EMEF HELOISA ABREU JUDICE DE ;RUA MANOEL FERREIRA CONSTANTINO, 400;29023177;INHANGUETÁ;511;397
VITÓRIA;2445;EMEF HELOISA ABREU JUDICE DE ;RUA MANOEL FERREIRA CONSTANTINO, 400;29023177;INHANGUETÁ;598;395
VITÓRIA;2445;EMEF HELOISA ABREU JUDICE DE ;RUA MANOEL FERREIRA CONSTANTINO, 400;29023177;INHANGUETÁ;630;388
VITÓRIA;2445;EMEF HELOISA ABREU JUDICE DE ;RUA MANOEL FERREIRA CONSTANTINO, 400;29023177;INHANGUETÁ;651;395
VITÓRIA;2445;EMEF HELOISA ABREU JUDICE DE ;RUA MANOEL FERREIRA CONSTANTINO, 400;29023177;INHANGUETÁ;1076;375
VITÓRIA;2445;EMEF HELOISA ABREU JUDICE DE ;RUA MANOEL FERREIRA CONSTANTINO, 400;29023177;INHANGUETÁ;1081;372
VITÓRIA;2445;EMEF HELOISA ABREU JUDICE DE ;RUA MANOEL FERREIRA CONSTANTINO, 400;29023177;INHANGUETÁ;1090;133
VITÓRIA;2313;CMEI RUBENS DUARTE DE ;RUA DANIEL ABREU MACHADO, 765;29047540;ITARARÉ;958;184
VITÓRIA;2313;CMEI RUBENS DUARTE DE ;RUA DANIEL ABREU MACHADO, 765;29047540;ITARARÉ;959;236
VITÓRIA;2313;CMEI RUBENS DUARTE DE ;RUA DANIEL ABREU MACHADO, 765;29047540;ITARARÉ;960;238
VITÓRIA;2313;CMEI RUBENS DUARTE DE ;RUA DANIEL ABREU MACHADO, 765;29047540;ITARARÉ;961;241
VITÓRIA;2313;CMEI RUBENS DUARTE DE ;RUA DANIEL ABREU MACHADO, 765;29047540;ITARARÉ;962;235
VITÓRIA;2313;CMEI RUBENS DUARTE DE ;RUA DANIEL ABREU MACHADO, 765;29047540;ITARARÉ;963;242
VITÓRIA;2313;CMEI RUBENS DUARTE DE ;RUA DANIEL ABREU MACHADO, 765;29047540;ITARARÉ;964;184
VITÓRIA;2402;EMEF OTTO EWALD JÚNIOR;RUA DANIEL ABREU MACHADO, 542;29047545;ITARARÉ;1026;358
VITÓRIA;2402;EMEF OTTO EWALD JÚNIOR;RUA DANIEL ABREU MACHADO, 542;29047545;ITARARÉ;1027;352
VITÓRIA;2402;EMEF OTTO EWALD JÚNIOR;RUA DANIEL ABREU MACHADO, 542;29047545;ITARARÉ;1028;356
VITÓRIA;2402;EMEF OTTO EWALD JÚNIOR;RUA DANIEL ABREU MACHADO, 542;29047545;ITARARÉ;1029;357
VITÓRIA;2402;EMEF OTTO EWALD JÚNIOR;RUA DANIEL ABREU MACHADO, 542;29047545;ITARARÉ;1030;358
VITÓRIA;2402;EMEF OTTO EWALD JÚNIOR;RUA DANIEL ABREU MACHADO, 542;29047545;ITARARÉ;1031;355
VITÓRIA;2402;EMEF OTTO EWALD JÚNIOR;RUA DANIEL ABREU MACHADO, 542;29047545;ITARARÉ;1032;398
VITÓRIA;2402;EMEF OTTO EWALD JÚNIOR;RUA DANIEL ABREU MACHADO, 542;29047545;ITARARÉ;1056;360
VITÓRIA;2410;EMEF CECILIANO ABEL DE ALMEIDA - ;RUA DR.ARLINDO SODRÉ, 416;29047500;ITARARÉ;1033;312
VITÓRIA;2410;EMEF CECILIANO ABEL DE ALMEIDA - ;RUA DR.ARLINDO SODRÉ, 416;29047500;ITARARÉ;1034;312
VITÓRIA;2410;EMEF CECILIANO ABEL DE ALMEIDA - ;RUA DR.ARLINDO SODRÉ, 416;29047500;ITARARÉ;1035;321
VITÓRIA;2410;EMEF CECILIANO ABEL DE ALMEIDA - ;RUA DR.ARLINDO SODRÉ, 416;29047500;ITARARÉ;1036;318
VITÓRIA;2410;EMEF CECILIANO ABEL DE ALMEIDA - ;RUA DR.ARLINDO SODRÉ, 416;29047500;ITARARÉ;1037;321
VITÓRIA;2410;EMEF CECILIANO ABEL DE ALMEIDA - ;RUA DR.ARLINDO SODRÉ, 416;29047500;ITARARÉ;1038;320
VITÓRIA;2410;EMEF CECILIANO ABEL DE ALMEIDA - ;RUA DR.ARLINDO SODRÉ, 416;29047500;ITARARÉ;1039;312
VITÓRIA;2410;EMEF CECILIANO ABEL DE ALMEIDA - ;RUA DR.ARLINDO SODRÉ, 416;29047500;ITARARÉ;1040;320
VITÓRIA;2410;EMEF CECILIANO ABEL DE ALMEIDA - ;RUA DR.ARLINDO SODRÉ, 416;29047500;ITARARÉ;1041;314
VITÓRIA;2410;EMEF CECILIANO ABEL DE ALMEIDA - ;RUA DR.ARLINDO SODRÉ, 416;29047500;ITARARÉ;1042;317
VITÓRIA;2410;EMEF CECILIANO ABEL DE ALMEIDA - ;RUA DR.ARLINDO SODRÉ, 416;29047500;ITARARÉ;1043;315
VITÓRIA;2410;EMEF CECILIANO ABEL DE ALMEIDA - ;RUA DR.ARLINDO SODRÉ, 416;29047500;ITARARÉ;1044;310
VITÓRIA;2321;EMEF PROFº VERCENÍLIO DA ;RUA JOSÉ MARTINS DELAZARE, 200;29048075;JOANA D'ARC;965;370
VITÓRIA;2321;EMEF PROFº VERCENÍLIO DA ;RUA JOSÉ MARTINS DELAZARE, 200;29048075;JOANA D'ARC;966;267
VITÓRIA;2321;EMEF PROFº VERCENÍLIO DA ;RUA JOSÉ MARTINS DELAZARE, 200;29048075;JOANA D'ARC;967;383
VITÓRIA;2321;EMEF PROFº VERCENÍLIO DA ;RUA JOSÉ MARTINS DELAZARE, 200;29048075;JOANA D'ARC;968;390
VITÓRIA;2321;EMEF PROFº VERCENÍLIO DA ;RUA JOSÉ MARTINS DELAZARE, 200;29048075;JOANA D'ARC;969;406
VITÓRIA;2321;EMEF PROFº VERCENÍLIO DA ;RUA JOSÉ MARTINS DELAZARE, 200;29048075;JOANA D'ARC;1062;268
VITÓRIA;1210;IFES - INSTITUTO FEDERAL DO ;AV. VITÓRIA, 1729;29040780;JUCUTUQUARA;74;293
VITÓRIA;1210;IFES - INSTITUTO FEDERAL DO ;AV. VITÓRIA, 1729;29040780;JUCUTUQUARA;75;291
VITÓRIA;1210;IFES - INSTITUTO FEDERAL DO ;AV. VITÓRIA, 1729;29040780;JUCUTUQUARA;76;289
VITÓRIA;1210;IFES - INSTITUTO FEDERAL DO ;AV. VITÓRIA, 1729;29040780;JUCUTUQUARA;77;289
VITÓRIA;1210;IFES - INSTITUTO FEDERAL DO ;AV. VITÓRIA, 1729;29040780;JUCUTUQUARA;78;291
VITÓRIA;1210;IFES - INSTITUTO FEDERAL DO ;AV. VITÓRIA, 1729;29040780;JUCUTUQUARA;79;293
VITÓRIA;1210;IFES - INSTITUTO FEDERAL DO ;AV. VITÓRIA, 1729;29040780;JUCUTUQUARA;82;293
VITÓRIA;1210;IFES - INSTITUTO FEDERAL DO ;AV. VITÓRIA, 1729;29040780;JUCUTUQUARA;84;294
VITÓRIA;1210;IFES - INSTITUTO FEDERAL DO ;AV. VITÓRIA, 1729;29040780;JUCUTUQUARA;86;293
VITÓRIA;1210;IFES - INSTITUTO FEDERAL DO ;AV. VITÓRIA, 1729;29040780;JUCUTUQUARA;87;294
VITÓRIA;1210;IFES - INSTITUTO FEDERAL DO ;AV. VITÓRIA, 1729;29040780;JUCUTUQUARA;88;294
VITÓRIA;1210;IFES - INSTITUTO FEDERAL DO ;AV. VITÓRIA, 1729;29040780;JUCUTUQUARA;91;293
VITÓRIA;1210;IFES - INSTITUTO FEDERAL DO ;AV. VITÓRIA, 1729;29040780;JUCUTUQUARA;570;292
VITÓRIA;1210;IFES - INSTITUTO FEDERAL DO ;AV. VITÓRIA, 1729;29040780;JUCUTUQUARA;604;289
VITÓRIA;1210;IFES - INSTITUTO FEDERAL DO ;AV. VITÓRIA, 1729;29040780;JUCUTUQUARA;612;294
VITÓRIA;1210;IFES - INSTITUTO FEDERAL DO ;AV. VITÓRIA, 1729;29040780;JUCUTUQUARA;665;295
VITÓRIA;1791;EMEF ALVIMAR SILVA;RUA MIGUEL PESSOA, 10;29027182;MARIO CYPRESTE;408;363
VITÓRIA;1791;EMEF ALVIMAR SILVA;RUA MIGUEL PESSOA, 10;29027182;MARIO CYPRESTE;409;368
VITÓRIA;1791;EMEF ALVIMAR SILVA;RUA MIGUEL PESSOA, 10;29027182;MARIO CYPRESTE;410;364
VITÓRIA;1791;EMEF ALVIMAR SILVA;RUA MIGUEL PESSOA, 10;29027182;MARIO CYPRESTE;411;369
VITÓRIA;1791;EMEF ALVIMAR SILVA;RUA MIGUEL PESSOA, 10;29027182;MARIO CYPRESTE;412;366
VITÓRIA;1791;EMEF ALVIMAR SILVA;RUA MIGUEL PESSOA, 10;29027182;MARIO CYPRESTE;437;374
VITÓRIA;1791;EMEF ALVIMAR SILVA;RUA MIGUEL PESSOA, 10;29027182;MARIO CYPRESTE;438;383
VITÓRIA;1791;EMEF ALVIMAR SILVA;RUA MIGUEL PESSOA, 10;29027182;MARIO CYPRESTE;439;366
VITÓRIA;1791;EMEF ALVIMAR SILVA;RUA MIGUEL PESSOA, 10;29027182;MARIO CYPRESTE;440;369
VITÓRIA;1791;EMEF ALVIMAR SILVA;RUA MIGUEL PESSOA, 10;29027182;MARIO CYPRESTE;458;369
VITÓRIA;1791;EMEF ALVIMAR SILVA;RUA MIGUEL PESSOA, 10;29027182;MARIO CYPRESTE;460;372
VITÓRIA;1791;EMEF ALVIMAR SILVA;RUA MIGUEL PESSOA, 10;29027182;MARIO CYPRESTE;461;374
VITÓRIA;1791;EMEF ALVIMAR SILVA;RUA MIGUEL PESSOA, 10;29027182;MARIO CYPRESTE;466;366
VITÓRIA;1791;EMEF ALVIMAR SILVA;RUA MIGUEL PESSOA, 10;29027182;MARIO CYPRESTE;467;368
VITÓRIA;1791;EMEF ALVIMAR SILVA;RUA MIGUEL PESSOA, 10;29027182;MARIO CYPRESTE;576;366
VITÓRIA;1791;EMEF ALVIMAR SILVA;RUA MIGUEL PESSOA, 10;29027182;MARIO CYPRESTE;637;359
VITÓRIA;2330;CENTRO DE CIÊNCIAS DA ;AV. MARECHAL CAMPOS, 1468;29043900;MARUÍPE;970;331
VITÓRIA;2330;CENTRO DE CIÊNCIAS DA ;AV. MARECHAL CAMPOS, 1468;29043900;MARUÍPE;971;331
VITÓRIA;2330;CENTRO DE CIÊNCIAS DA ;AV. MARECHAL CAMPOS, 1468;29043900;MARUÍPE;972;332
VITÓRIA;2330;CENTRO DE CIÊNCIAS DA ;AV. MARECHAL CAMPOS, 1468;29043900;MARUÍPE;973;332
VITÓRIA;2330;CENTRO DE CIÊNCIAS DA ;AV. MARECHAL CAMPOS, 1468;29043900;MARUÍPE;974;331
VITÓRIA;2330;CENTRO DE CIÊNCIAS DA ;AV. MARECHAL CAMPOS, 1468;29043900;MARUÍPE;975;329
VITÓRIA;2330;CENTRO DE CIÊNCIAS DA ;AV. MARECHAL CAMPOS, 1468;29043900;MARUÍPE;976;330
VITÓRIA;2330;CENTRO DE CIÊNCIAS DA ;AV. MARECHAL CAMPOS, 1468;29043900;MARUÍPE;977;331
VITÓRIA;2348;EMEF SUZETE CUENDET;RUA OTTO RAMOS, 69;29043750;MARUÍPE;978;366
VITÓRIA;2348;EMEF SUZETE CUENDET;RUA OTTO RAMOS, 69;29043750;MARUÍPE;979;370
VITÓRIA;2348;EMEF SUZETE CUENDET;RUA OTTO RAMOS, 69;29043750;MARUÍPE;980;358
VITÓRIA;2348;EMEF SUZETE CUENDET;RUA OTTO RAMOS, 69;29043750;MARUÍPE;981;361
VITÓRIA;2348;EMEF SUZETE CUENDET;RUA OTTO RAMOS, 69;29043750;MARUÍPE;982;366
VITÓRIA;2348;EMEF SUZETE CUENDET;RUA OTTO RAMOS, 69;29043750;MARUÍPE;983;362
VITÓRIA;2348;EMEF SUZETE CUENDET;RUA OTTO RAMOS, 69;29043750;MARUÍPE;984;361
VITÓRIA;2348;EMEF SUZETE CUENDET;RUA OTTO RAMOS, 69;29043750;MARUÍPE;985;360
VITÓRIA;2348;EMEF SUZETE CUENDET;RUA OTTO RAMOS, 69;29043750;MARUÍPE;986;366
VITÓRIA;2348;EMEF SUZETE CUENDET;RUA OTTO RAMOS, 69;29043750;MARUÍPE;1059;366
VITÓRIA;2348;EMEF SUZETE CUENDET;RUA OTTO RAMOS, 69;29043750;MARUÍPE;1089;110
VITÓRIA;2356;EMEF OCTACÍLIO LOMBA;R. ADOLPHO CASSOLI, 198;29043040;MARUÍPE;987;190
VITÓRIA;2356;EMEF OCTACÍLIO LOMBA;R. ADOLPHO CASSOLI, 198;29043040;MARUÍPE;988;188
VITÓRIA;2356;EMEF OCTACÍLIO LOMBA;R. ADOLPHO CASSOLI, 198;29043040;MARUÍPE;989;188
VITÓRIA;2356;EMEF OCTACÍLIO LOMBA;R. ADOLPHO CASSOLI, 198;29043040;MARUÍPE;990;189
VITÓRIA;2356;EMEF OCTACÍLIO LOMBA;R. ADOLPHO CASSOLI, 198;29043040;MARUÍPE;991;187
VITÓRIA;2356;EMEF OCTACÍLIO LOMBA;R. ADOLPHO CASSOLI, 198;29043040;MARUÍPE;992;190
VITÓRIA;2356;EMEF OCTACÍLIO LOMBA;R. ADOLPHO CASSOLI, 198;29043040;MARUÍPE;993;189
VITÓRIA;2356;EMEF OCTACÍLIO LOMBA;R. ADOLPHO CASSOLI, 198;29043040;MARUÍPE;994;188
VITÓRIA;2356;EMEF OCTACÍLIO LOMBA;R. ADOLPHO CASSOLI, 198;29043040;MARUÍPE;995;186
VITÓRIA;2356;EMEF OCTACÍLIO LOMBA;R. ADOLPHO CASSOLI, 198;29043040;MARUÍPE;996;190
VITÓRIA;2356;EMEF OCTACÍLIO LOMBA;R. ADOLPHO CASSOLI, 198;29043040;MARUÍPE;997;190
VITÓRIA;2356;EMEF OCTACÍLIO LOMBA;R. ADOLPHO CASSOLI, 198;29043040;MARUÍPE;998;235
VITÓRIA;2011;FAESA - CENTRO UNIVERSITÁRIO;AV. VITÓRIA, 2220;29053360;MONTE BELO;540;212
VITÓRIA;2011;FAESA - CENTRO UNIVERSITÁRIO;AV. VITÓRIA, 2220;29053360;MONTE BELO;643;326
VITÓRIA;2011;FAESA - CENTRO UNIVERSITÁRIO;AV. VITÓRIA, 2220;29053360;MONTE BELO;911;341
VITÓRIA;2011;FAESA - CENTRO UNIVERSITÁRIO;AV. VITÓRIA, 2220;29053360;MONTE BELO;1072;213
VITÓRIA;1872;EMEF NEUSA NUNES ;RUA DO CAJU, 249;29030015;NOVA PALESTINA;486;372
VITÓRIA;1872;EMEF NEUSA NUNES ;RUA DO CAJU, 249;29030015;NOVA PALESTINA;487;390
VITÓRIA;1872;EMEF NEUSA NUNES ;RUA DO CAJU, 249;29030015;NOVA PALESTINA;488;377
VITÓRIA;1872;EMEF NEUSA NUNES ;RUA DO CAJU, 249;29030015;NOVA PALESTINA;567;383
VITÓRIA;1872;EMEF NEUSA NUNES ;RUA DO CAJU, 249;29030015;NOVA PALESTINA;586;383
VITÓRIA;1872;EMEF NEUSA NUNES ;RUA DO CAJU, 249;29030015;NOVA PALESTINA;591;381
VITÓRIA;1872;EMEF NEUSA NUNES ;RUA DO CAJU, 249;29030015;NOVA PALESTINA;599;383
VITÓRIA;1872;EMEF NEUSA NUNES ;RUA DO CAJU, 249;29030015;NOVA PALESTINA;609;390
VITÓRIA;1872;EMEF NEUSA NUNES ;RUA DO CAJU, 249;29030015;NOVA PALESTINA;617;385
VITÓRIA;1872;EMEF NEUSA NUNES ;RUA DO CAJU, 249;29030015;NOVA PALESTINA;647;380
VITÓRIA;1872;EMEF NEUSA NUNES ;RUA DO CAJU, 249;29030015;NOVA PALESTINA;659;381
VITÓRIA;1872;EMEF NEUSA NUNES ;RUA DO CAJU, 249;29030015;NOVA PALESTINA;673;393
VITÓRIA;1872;EMEF NEUSA NUNES ;RUA DO CAJU, 249;29030015;NOVA PALESTINA;910;426
VITÓRIA;1872;EMEF NEUSA NUNES ;RUA DO CAJU, 249;29030015;NOVA PALESTINA;914;410
VITÓRIA;1872;EMEF NEUSA NUNES ;RUA DO CAJU, 249;29030015;NOVA PALESTINA;1054;374
VITÓRIA;1015;CENTRO EDUCACIONAL ;RUA THIERS VELLOSO, 125 - CENTRO;29015670;PARQUE MOSCOSO;1;264
VITÓRIA;1015;CENTRO EDUCACIONAL ;RUA THIERS VELLOSO, 125 - CENTRO;29015670;PARQUE MOSCOSO;8;268
VITÓRIA;1015;CENTRO EDUCACIONAL ;RUA THIERS VELLOSO, 125 - CENTRO;29015670;PARQUE MOSCOSO;9;260
VITÓRIA;1015;CENTRO EDUCACIONAL ;RUA THIERS VELLOSO, 125 - CENTRO;29015670;PARQUE MOSCOSO;12;266
VITÓRIA;1015;CENTRO EDUCACIONAL ;RUA THIERS VELLOSO, 125 - CENTRO;29015670;PARQUE MOSCOSO;56;268
VITÓRIA;1015;CENTRO EDUCACIONAL ;RUA THIERS VELLOSO, 125 - CENTRO;29015670;PARQUE MOSCOSO;57;265
VITÓRIA;1015;CENTRO EDUCACIONAL ;RUA THIERS VELLOSO, 125 - CENTRO;29015670;PARQUE MOSCOSO;58;266
VITÓRIA;1015;CENTRO EDUCACIONAL ;RUA THIERS VELLOSO, 125 - CENTRO;29015670;PARQUE MOSCOSO;413;265
VITÓRIA;1015;CENTRO EDUCACIONAL ;RUA THIERS VELLOSO, 125 - CENTRO;29015670;PARQUE MOSCOSO;415;268
VITÓRIA;1015;CENTRO EDUCACIONAL ;RUA THIERS VELLOSO, 125 - CENTRO;29015670;PARQUE MOSCOSO;416;265
VITÓRIA;1015;CENTRO EDUCACIONAL ;RUA THIERS VELLOSO, 125 - CENTRO;29015670;PARQUE MOSCOSO;417;265
VITÓRIA;1015;CENTRO EDUCACIONAL ;RUA THIERS VELLOSO, 125 - CENTRO;29015670;PARQUE MOSCOSO;583;263
VITÓRIA;1163;ESCOLA DA CIÊNCIA E FÍSICA;RUA PADRE JOSÉ DE ANCHIETA,S/N - DENTRO DO PARQUE MOSCOSO;29020590;PARQUE MOSCOSO;53;289
VITÓRIA;1163;ESCOLA DA CIÊNCIA E FÍSICA;RUA PADRE JOSÉ DE ANCHIETA,S/N - DENTRO DO PARQUE MOSCOSO;29020590;PARQUE MOSCOSO;54;289
VITÓRIA;2119;EMEF RITA DE CÁSSIA OLIVEIRA;RUA SÃO SEBASTIÃO S/N;29032545;RESISTÊNCIA;536;405
VITÓRIA;2119;EMEF RITA DE CÁSSIA OLIVEIRA;RUA SÃO SEBASTIÃO S/N;29032545;RESISTÊNCIA;549;404
VITÓRIA;2119;EMEF RITA DE CÁSSIA OLIVEIRA;RUA SÃO SEBASTIÃO S/N;29032545;RESISTÊNCIA;573;406
VITÓRIA;2119;EMEF RITA DE CÁSSIA OLIVEIRA;RUA SÃO SEBASTIÃO S/N;29032545;RESISTÊNCIA;624;403
VITÓRIA;2119;EMEF RITA DE CÁSSIA OLIVEIRA;RUA SÃO SEBASTIÃO S/N;29032545;RESISTÊNCIA;635;270
VITÓRIA;2119;EMEF RITA DE CÁSSIA OLIVEIRA;RUA SÃO SEBASTIÃO S/N;29032545;RESISTÊNCIA;650;408
VITÓRIA;2119;EMEF RITA DE CÁSSIA OLIVEIRA;RUA SÃO SEBASTIÃO S/N;29032545;RESISTÊNCIA;667;400
VITÓRIA;2119;EMEF RITA DE CÁSSIA OLIVEIRA;RUA SÃO SEBASTIÃO S/N;29032545;RESISTÊNCIA;1070;270
VITÓRIA;2488;CMEI ANISIO SPINOLA TEIXEIRA;RUA AMÉRICA DO SUL, 12;29032570;RESISTÊNCIA;1078;368
VITÓRIA;2488;CMEI ANISIO SPINOLA TEIXEIRA;RUA AMÉRICA DO SUL, 12;29032570;RESISTÊNCIA;1088;97
VITÓRIA;1201;CMEI  TEREZINHA VASCONCELLOS ;AV. VITORIA S/N;29041405;ROMÃO;69;360
VITÓRIA;1201;CMEI  TEREZINHA VASCONCELLOS ;AV. VITORIA S/N;29041405;ROMÃO;70;358
VITÓRIA;1201;CMEI  TEREZINHA VASCONCELLOS ;AV. VITORIA S/N;29041405;ROMÃO;71;357
VITÓRIA;1201;CMEI  TEREZINHA VASCONCELLOS ;AV. VITORIA S/N;29041405;ROMÃO;72;357
VITÓRIA;1201;CMEI  TEREZINHA VASCONCELLOS ;AV. VITORIA S/N;29041405;ROMÃO;73;357
VITÓRIA;2291;EMEF MARIETA ESCOBAR;RUA JOÃO BATISTA MARTINHO, 85;29045150;SANTA MARTHA;946;357
VITÓRIA;2291;EMEF MARIETA ESCOBAR;RUA JOÃO BATISTA MARTINHO, 85;29045150;SANTA MARTHA;947;354
VITÓRIA;2291;EMEF MARIETA ESCOBAR;RUA JOÃO BATISTA MARTINHO, 85;29045150;SANTA MARTHA;948;352
VITÓRIA;2291;EMEF MARIETA ESCOBAR;RUA JOÃO BATISTA MARTINHO, 85;29045150;SANTA MARTHA;949;371
VITÓRIA;2291;EMEF MARIETA ESCOBAR;RUA JOÃO BATISTA MARTINHO, 85;29045150;SANTA MARTHA;950;349
VITÓRIA;2291;EMEF MARIETA ESCOBAR;RUA JOÃO BATISTA MARTINHO, 85;29045150;SANTA MARTHA;951;359
VITÓRIA;2291;EMEF MARIETA ESCOBAR;RUA JOÃO BATISTA MARTINHO, 85;29045150;SANTA MARTHA;952;408
VITÓRIA;2291;EMEF MARIETA ESCOBAR;RUA JOÃO BATISTA MARTINHO, 85;29045150;SANTA MARTHA;953;403
VITÓRIA;2291;EMEF MARIETA ESCOBAR;RUA JOÃO BATISTA MARTINHO, 85;29045150;SANTA MARTHA;1063;353
VITÓRIA;2291;EMEF MARIETA ESCOBAR;RUA JOÃO BATISTA MARTINHO, 85;29045150;SANTA MARTHA;1080;324
VITÓRIA;1759;EMEF MAURO BRAGA;RUA GUILHERME MEYER, 12;29025080;SANTA TEREZA;428;351
VITÓRIA;1759;EMEF MAURO BRAGA;RUA GUILHERME MEYER, 12;29025080;SANTA TEREZA;429;350
VITÓRIA;1759;EMEF MAURO BRAGA;RUA GUILHERME MEYER, 12;29025080;SANTA TEREZA;430;346
VITÓRIA;1759;EMEF MAURO BRAGA;RUA GUILHERME MEYER, 12;29025080;SANTA TEREZA;431;360
VITÓRIA;1759;EMEF MAURO BRAGA;RUA GUILHERME MEYER, 12;29025080;SANTA TEREZA;432;359
VITÓRIA;1759;EMEF MAURO BRAGA;RUA GUILHERME MEYER, 12;29025080;SANTA TEREZA;434;351
VITÓRIA;1759;EMEF MAURO BRAGA;RUA GUILHERME MEYER, 12;29025080;SANTA TEREZA;642;357
VITÓRIA;1759;EMEF MAURO BRAGA;RUA GUILHERME MEYER, 12;29025080;SANTA TEREZA;1057;352
VITÓRIA;1783;EMEF ALBERTO DE ALMEIDA;ROD. SERAFIM DERENZE, 60;29026470;SANTO ANTÔNIO;442;367
VITÓRIA;1783;EMEF ALBERTO DE ALMEIDA;ROD. SERAFIM DERENZE, 60;29026470;SANTO ANTÔNIO;443;371
VITÓRIA;1783;EMEF ALBERTO DE ALMEIDA;ROD. SERAFIM DERENZE, 60;29026470;SANTO ANTÔNIO;444;372
VITÓRIA;1783;EMEF ALBERTO DE ALMEIDA;ROD. SERAFIM DERENZE, 60;29026470;SANTO ANTÔNIO;489;372
VITÓRIA;1783;EMEF ALBERTO DE ALMEIDA;ROD. SERAFIM DERENZE, 60;29026470;SANTO ANTÔNIO;575;364
VITÓRIA;1783;EMEF ALBERTO DE ALMEIDA;ROD. SERAFIM DERENZE, 60;29026470;SANTO ANTÔNIO;603;377
VITÓRIA;1783;EMEF ALBERTO DE ALMEIDA;ROD. SERAFIM DERENZE, 60;29026470;SANTO ANTÔNIO;610;363
VITÓRIA;1783;EMEF ALBERTO DE ALMEIDA;ROD. SERAFIM DERENZE, 60;29026470;SANTO ANTÔNIO;654;374
VITÓRIA;1783;EMEF ALBERTO DE ALMEIDA;ROD. SERAFIM DERENZE, 60;29026470;SANTO ANTÔNIO;674;396
VITÓRIA;1783;EMEF ALBERTO DE ALMEIDA;ROD. SERAFIM DERENZE, 60;29026470;SANTO ANTÔNIO;917;375
VITÓRIA;1783;EMEF ALBERTO DE ALMEIDA;ROD. SERAFIM DERENZE, 60;29026470;SANTO ANTÔNIO;1069;371
VITÓRIA;1783;EMEF ALBERTO DE ALMEIDA;ROD. SERAFIM DERENZE, 60;29026470;SANTO ANTÔNIO;1074;372
VITÓRIA;2364;EMEF ORLANDINA D' ALMEIDA LUCAS;RUA LUÍS GOMES TAVARES, 95;29048250;SÃO CRISTOVÃO;999;364
VITÓRIA;2364;EMEF ORLANDINA D' ALMEIDA LUCAS;RUA LUÍS GOMES TAVARES, 95;29048250;SÃO CRISTOVÃO;1000;363
VITÓRIA;2364;EMEF ORLANDINA D' ALMEIDA LUCAS;RUA LUÍS GOMES TAVARES, 95;29048250;SÃO CRISTOVÃO;1001;361
VITÓRIA;2364;EMEF ORLANDINA D' ALMEIDA LUCAS;RUA LUÍS GOMES TAVARES, 95;29048250;SÃO CRISTOVÃO;1002;363
VITÓRIA;2364;EMEF ORLANDINA D' ALMEIDA LUCAS;RUA LUÍS GOMES TAVARES, 95;29048250;SÃO CRISTOVÃO;1003;367
VITÓRIA;2364;EMEF ORLANDINA D' ALMEIDA LUCAS;RUA LUÍS GOMES TAVARES, 95;29048250;SÃO CRISTOVÃO;1004;367
VITÓRIA;2364;EMEF ORLANDINA D' ALMEIDA LUCAS;RUA LUÍS GOMES TAVARES, 95;29048250;SÃO CRISTOVÃO;1005;364
VITÓRIA;2364;EMEF ORLANDINA D' ALMEIDA LUCAS;RUA LUÍS GOMES TAVARES, 95;29048250;SÃO CRISTOVÃO;1058;365
VITÓRIA;2372;SESI - SERVIÇO SOCIAL DA ;RUA JOSÉ MOTTA FRAGA, 480;29048210;SÃO CRISTOVÃO;1006;312
VITÓRIA;2372;SESI - SERVIÇO SOCIAL DA ;RUA JOSÉ MOTTA FRAGA, 480;29048210;SÃO CRISTOVÃO;1007;310
VITÓRIA;2372;SESI - SERVIÇO SOCIAL DA ;RUA JOSÉ MOTTA FRAGA, 480;29048210;SÃO CRISTOVÃO;1008;319
VITÓRIA;2372;SESI - SERVIÇO SOCIAL DA ;RUA JOSÉ MOTTA FRAGA, 480;29048210;SÃO CRISTOVÃO;1009;313
VITÓRIA;2372;SESI - SERVIÇO SOCIAL DA ;RUA JOSÉ MOTTA FRAGA, 480;29048210;SÃO CRISTOVÃO;1010;316
VITÓRIA;2372;SESI - SERVIÇO SOCIAL DA ;RUA JOSÉ MOTTA FRAGA, 480;29048210;SÃO CRISTOVÃO;1011;312
VITÓRIA;2372;SESI - SERVIÇO SOCIAL DA ;RUA JOSÉ MOTTA FRAGA, 480;29048210;SÃO CRISTOVÃO;1013;314
VITÓRIA;1864;EMEF FRANCISCO LACERDA DE ;RUA GUILHERME BASSINI, 57;29030720;SÃO PEDRO I;473;371
VITÓRIA;1864;EMEF FRANCISCO LACERDA DE ;RUA GUILHERME BASSINI, 57;29030720;SÃO PEDRO I;474;367
VITÓRIA;1864;EMEF FRANCISCO LACERDA DE ;RUA GUILHERME BASSINI, 57;29030720;SÃO PEDRO I;475;377
VITÓRIA;1864;EMEF FRANCISCO LACERDA DE ;RUA GUILHERME BASSINI, 57;29030720;SÃO PEDRO I;479;369
VITÓRIA;1864;EMEF FRANCISCO LACERDA DE ;RUA GUILHERME BASSINI, 57;29030720;SÃO PEDRO I;480;374
VITÓRIA;1864;EMEF FRANCISCO LACERDA DE ;RUA GUILHERME BASSINI, 57;29030720;SÃO PEDRO I;481;370
VITÓRIA;1864;EMEF FRANCISCO LACERDA DE ;RUA GUILHERME BASSINI, 57;29030720;SÃO PEDRO I;671;417
VITÓRIA;1864;EMEF FRANCISCO LACERDA DE ;RUA GUILHERME BASSINI, 57;29030720;SÃO PEDRO I;916;374
VITÓRIA;1864;EMEF FRANCISCO LACERDA DE ;RUA GUILHERME BASSINI, 57;29030720;SÃO PEDRO I;1066;370
VITÓRIA;1929;EMEF LENIR BORLOT (ANTIGO ;RUA DO ACORDO, 100;29030180;SÃO PEDRO I;521;289
VITÓRIA;1929;EMEF LENIR BORLOT (ANTIGO ;RUA DO ACORDO, 100;29030180;SÃO PEDRO I;547;326
VITÓRIA;1929;EMEF LENIR BORLOT (ANTIGO ;RUA DO ACORDO, 100;29030180;SÃO PEDRO I;550;338
VITÓRIA;1929;EMEF LENIR BORLOT (ANTIGO ;RUA DO ACORDO, 100;29030180;SÃO PEDRO I;602;334
VITÓRIA;1929;EMEF LENIR BORLOT (ANTIGO ;RUA DO ACORDO, 100;29030180;SÃO PEDRO I;1079;291
VITÓRIA;1996;EMEF TANCREDO DE ALMEIDA NEVES;AV. CENTRAL, 285;29030070;SÃO PEDRO III;472;374
VITÓRIA;1996;EMEF TANCREDO DE ALMEIDA NEVES;AV. CENTRAL, 285;29030070;SÃO PEDRO III;538;371
VITÓRIA;1996;EMEF TANCREDO DE ALMEIDA NEVES;AV. CENTRAL, 285;29030070;SÃO PEDRO III;557;391
VITÓRIA;1996;EMEF TANCREDO DE ALMEIDA NEVES;AV. CENTRAL, 285;29030070;SÃO PEDRO III;574;374
VITÓRIA;1996;EMEF TANCREDO DE ALMEIDA NEVES;AV. CENTRAL, 285;29030070;SÃO PEDRO III;594;378
VITÓRIA;1996;EMEF TANCREDO DE ALMEIDA NEVES;AV. CENTRAL, 285;29030070;SÃO PEDRO III;600;376
VITÓRIA;1996;EMEF TANCREDO DE ALMEIDA NEVES;AV. CENTRAL, 285;29030070;SÃO PEDRO III;616;368
VITÓRIA;1996;EMEF TANCREDO DE ALMEIDA NEVES;AV. CENTRAL, 285;29030070;SÃO PEDRO III;636;368
VITÓRIA;1996;EMEF TANCREDO DE ALMEIDA NEVES;AV. CENTRAL, 285;29030070;SÃO PEDRO III;646;369
VITÓRIA;1996;EMEF TANCREDO DE ALMEIDA NEVES;AV. CENTRAL, 285;29030070;SÃO PEDRO III;660;378
VITÓRIA;1996;EMEF TANCREDO DE ALMEIDA NEVES;AV. CENTRAL, 285;29030070;SÃO PEDRO III;669;379
VITÓRIA;1996;EMEF TANCREDO DE ALMEIDA NEVES;AV. CENTRAL, 285;29030070;SÃO PEDRO III;908;427
VITÓRIA;1996;EMEF TANCREDO DE ALMEIDA NEVES;AV. CENTRAL, 285;29030070;SÃO PEDRO III;915;399
VITÓRIA;2470;EMEF MARIA JOSÉ COSTA MORAES;RODOVIA SERAFIM DERENZI, 4449;29031847;SÃO PEDRO III;546;328
VITÓRIA;2470;EMEF MARIA JOSÉ COSTA MORAES;RODOVIA SERAFIM DERENZI, 4449;29031847;SÃO PEDRO III;585;334
VITÓRIA;2470;EMEF MARIA JOSÉ COSTA MORAES;RODOVIA SERAFIM DERENZI, 4449;29031847;SÃO PEDRO III;615;328
VITÓRIA;2470;EMEF MARIA JOSÉ COSTA MORAES;RODOVIA SERAFIM DERENZI, 4449;29031847;SÃO PEDRO III;907;351
VITÓRIA;2470;EMEF MARIA JOSÉ COSTA MORAES;RODOVIA SERAFIM DERENZI, 4449;29031847;SÃO PEDRO III;1067;255
VITÓRIA;2470;EMEF MARIA JOSÉ COSTA MORAES;RODOVIA SERAFIM DERENZI, 4449;29031847;SÃO PEDRO III;1075;362
VITÓRIA;2437;EMEF PROFª EUNICE PEREIRA ;AV. CEL. JOSÉ MARTINS DE FIGUEIREDO,45;29043405;TABUAZEIRO;668;432
VITÓRIA;2437;EMEF PROFª EUNICE PEREIRA ;AV. CEL. JOSÉ MARTINS DE FIGUEIREDO,45;29043405;TABUAZEIRO;905;426
VITÓRIA;2437;EMEF PROFª EUNICE PEREIRA ;AV. CEL. JOSÉ MARTINS DE FIGUEIREDO,45;29043405;TABUAZEIRO;906;441
VITÓRIA;2437;EMEF PROFª EUNICE PEREIRA ;AV. CEL. JOSÉ MARTINS DE FIGUEIREDO,45;29043405;TABUAZEIRO;909;431
VITÓRIA;2437;EMEF PROFª EUNICE PEREIRA ;AV. CEL. JOSÉ MARTINS DE FIGUEIREDO,45;29043405;TABUAZEIRO;1065;310
VITÓRIA;1880;SALA ANEXA DA IGREJA SÃO PEDRO;RUA SANTO ANDRÉ, 85;29025340;VILA RUBIM;405;281
VITÓRIA;1880;SALA ANEXA DA IGREJA SÃO PEDRO;RUA SANTO ANDRÉ, 85;29025340;VILA RUBIM;406;271
VITÓRIA;1880;SALA ANEXA DA IGREJA SÃO PEDRO;RUA SANTO ANDRÉ, 85;29025340;VILA RUBIM;407;281
VITÓRIA;1651;EMEF - ISAURA MARQUES DA SILVA;AV. LEITÃO DA SILVA, 3291;29045205;ANDORINHAS;405;337
VITÓRIA;1651;EMEF - ISAURA MARQUES DA SILVA;AV. LEITÃO DA SILVA, 3291;29045205;ANDORINHAS;406;341
VITÓRIA;1651;EMEF - ISAURA MARQUES DA SILVA;AV. LEITÃO DA SILVA, 3291;29045205;ANDORINHAS;407;346
VITÓRIA;1651;EMEF - ISAURA MARQUES DA SILVA;AV. LEITÃO DA SILVA, 3291;29045205;ANDORINHAS;408;362
VITÓRIA;1651;EMEF - ISAURA MARQUES DA SILVA;AV. LEITÃO DA SILVA, 3291;29045205;ANDORINHAS;409;342
VITÓRIA;1651;EMEF - ISAURA MARQUES DA SILVA;AV. LEITÃO DA SILVA, 3291;29045205;ANDORINHAS;410;303
VITÓRIA;1651;EMEF - ISAURA MARQUES DA SILVA;AV. LEITÃO DA SILVA, 3291;29045205;ANDORINHAS;411;337
VITÓRIA;1651;EMEF - ISAURA MARQUES DA SILVA;AV. LEITÃO DA SILVA, 3291;29045205;ANDORINHAS;436;333
VITÓRIA;1821;CMEI - DARCY CASTELO DE ;RUA FRANCISCO ARAÚJO MACHADO 11;29072440;ANTÔNIO HONÓRIO;511;308
VITÓRIA;1821;CMEI - DARCY CASTELO DE ;RUA FRANCISCO ARAÚJO MACHADO 11;29072440;ANTÔNIO HONÓRIO;512;307
VITÓRIA;1821;CMEI - DARCY CASTELO DE ;RUA FRANCISCO ARAÚJO MACHADO 11;29072440;ANTÔNIO HONÓRIO;513;308
VITÓRIA;1937;EPG ADÃO BENEZATH;R. PROF. CLARA LIMA, 63;29070430;ANTÔNIO HONÓRIO;612;327
VITÓRIA;1937;EPG ADÃO BENEZATH;R. PROF. CLARA LIMA, 63;29070430;ANTÔNIO HONÓRIO;613;329
VITÓRIA;1937;EPG ADÃO BENEZATH;R. PROF. CLARA LIMA, 63;29070430;ANTÔNIO HONÓRIO;614;326
VITÓRIA;1937;EPG ADÃO BENEZATH;R. PROF. CLARA LIMA, 63;29070430;ANTÔNIO HONÓRIO;615;332
VITÓRIA;1937;EPG ADÃO BENEZATH;R. PROF. CLARA LIMA, 63;29070430;ANTÔNIO HONÓRIO;616;328
VITÓRIA;1937;EPG ADÃO BENEZATH;R. PROF. CLARA LIMA, 63;29070430;ANTÔNIO HONÓRIO;617;328
VITÓRIA;1449;EEEFM - ARISTÓBULO ;AV. VITÓRIA, 3010;29050140;BENTO FERREIRA;261;228
VITÓRIA;1449;EEEFM - ARISTÓBULO ;AV. VITÓRIA, 3010;29050140;BENTO FERREIRA;262;353
VITÓRIA;1449;EEEFM - ARISTÓBULO ;AV. VITÓRIA, 3010;29050140;BENTO FERREIRA;263;353
VITÓRIA;1449;EEEFM - ARISTÓBULO ;AV. VITÓRIA, 3010;29050140;BENTO FERREIRA;264;362
VITÓRIA;1449;EEEFM - ARISTÓBULO ;AV. VITÓRIA, 3010;29050140;BENTO FERREIRA;265;362
VITÓRIA;1449;EEEFM - ARISTÓBULO ;AV. VITÓRIA, 3010;29050140;BENTO FERREIRA;266;363
VITÓRIA;1449;EEEFM - ARISTÓBULO ;AV. VITÓRIA, 3010;29050140;BENTO FERREIRA;682;226
VITÓRIA;1465;INSTITUTO LUIZ BRAILLE;AV. MAL. MASCARENHAS DE MORAES, 2430;29052120;BENTO FERREIRA;273;373
VITÓRIA;1465;INSTITUTO LUIZ BRAILLE;AV. MAL. MASCARENHAS DE MORAES, 2430;29052120;BENTO FERREIRA;274;403
VITÓRIA;1473;SENAC - SERVIÇO NACIONAL DE ;AV. MAL. MASCARENHAS DE MORAES, 2077;29052121;BENTO FERREIRA;275;343
VITÓRIA;1473;SENAC - SERVIÇO NACIONAL DE ;AV. MAL. MASCARENHAS DE MORAES, 2077;29052121;BENTO FERREIRA;276;338
VITÓRIA;1473;SENAC - SERVIÇO NACIONAL DE ;AV. MAL. MASCARENHAS DE MORAES, 2077;29052121;BENTO FERREIRA;277;331
VITÓRIA;1473;SENAC - SERVIÇO NACIONAL DE ;AV. MAL. MASCARENHAS DE MORAES, 2077;29052121;BENTO FERREIRA;278;339
VITÓRIA;1473;SENAC - SERVIÇO NACIONAL DE ;AV. MAL. MASCARENHAS DE MORAES, 2077;29052121;BENTO FERREIRA;279;336
VITÓRIA;1473;SENAC - SERVIÇO NACIONAL DE ;AV. MAL. MASCARENHAS DE MORAES, 2077;29052121;BENTO FERREIRA;280;342
VITÓRIA;1473;SENAC - SERVIÇO NACIONAL DE ;AV. MAL. MASCARENHAS DE MORAES, 2077;29052121;BENTO FERREIRA;689;329
VITÓRIA;2020;ESCOLA SÃO DOMINGOS ;R. FRANCISCO RUBIM, 428;29050680;BENTO FERREIRA;267;371
VITÓRIA;2020;ESCOLA SÃO DOMINGOS ;R. FRANCISCO RUBIM, 428;29050680;BENTO FERREIRA;268;395
VITÓRIA;2020;ESCOLA SÃO DOMINGOS ;R. FRANCISCO RUBIM, 428;29050680;BENTO FERREIRA;269;395
VITÓRIA;2020;ESCOLA SÃO DOMINGOS ;R. FRANCISCO RUBIM, 428;29050680;BENTO FERREIRA;270;382
VITÓRIA;2020;ESCOLA SÃO DOMINGOS ;R. FRANCISCO RUBIM, 428;29050680;BENTO FERREIRA;271;387
VITÓRIA;2020;ESCOLA SÃO DOMINGOS ;R. FRANCISCO RUBIM, 428;29050680;BENTO FERREIRA;272;405
VITÓRIA;2020;ESCOLA SÃO DOMINGOS ;R. FRANCISCO RUBIM, 428;29050680;BENTO FERREIRA;423;449
VITÓRIA;2020;ESCOLA SÃO DOMINGOS ;R. FRANCISCO RUBIM, 428;29050680;BENTO FERREIRA;684;369
VITÓRIA;2020;ESCOLA SÃO DOMINGOS ;R. FRANCISCO RUBIM, 428;29050680;BENTO FERREIRA;694;370
VITÓRIA;2020;ESCOLA SÃO DOMINGOS ;R. FRANCISCO RUBIM, 428;29050680;BENTO FERREIRA;718;113
VITÓRIA;2097;SENAI - SERVIÇO NACIONAL DE ;AV. MAL. MASCARENHAS DE MORAES, 2235 - BENTO FERREIRA, VITÓRIA - ES;29052121;BENTO FERREIRA;258;320
VITÓRIA;2097;SENAI - SERVIÇO NACIONAL DE ;AV. MAL. MASCARENHAS DE MORAES, 2235 - BENTO FERREIRA, VITÓRIA - ES;29052121;BENTO FERREIRA;259;320
VITÓRIA;2097;SENAI - SERVIÇO NACIONAL DE ;AV. MAL. MASCARENHAS DE MORAES, 2235 - BENTO FERREIRA, VITÓRIA - ES;29052121;BENTO FERREIRA;260;321
VITÓRIA;2038;ESCOLA MONTEIRO;R. ENG. GUILHERME JOSÉ MONJARDIM VAREJÃO, 20;29050260;ENSEADA DO SUÁ;701;373
VITÓRIA;2038;ESCOLA MONTEIRO;R. ENG. GUILHERME JOSÉ MONJARDIM VAREJÃO, 20;29050260;ENSEADA DO SUÁ;713;183
VITÓRIA;1830;MULTIVIX - VITÓRIA/ES;RUA JOSÉ ALVES 301;29075080;GOIABEIRAS;514;315
VITÓRIA;1830;MULTIVIX - VITÓRIA/ES;RUA JOSÉ ALVES 301;29075080;GOIABEIRAS;515;321
VITÓRIA;1830;MULTIVIX - VITÓRIA/ES;RUA JOSÉ ALVES 301;29075080;GOIABEIRAS;516;311
VITÓRIA;1830;MULTIVIX - VITÓRIA/ES;RUA JOSÉ ALVES 301;29075080;GOIABEIRAS;517;317
VITÓRIA;1830;MULTIVIX - VITÓRIA/ES;RUA JOSÉ ALVES 301;29075080;GOIABEIRAS;518;312
VITÓRIA;1830;MULTIVIX - VITÓRIA/ES;RUA JOSÉ ALVES 301;29075080;GOIABEIRAS;519;316
VITÓRIA;1830;MULTIVIX - VITÓRIA/ES;RUA JOSÉ ALVES 301;29075080;GOIABEIRAS;520;319
VITÓRIA;1910;EMEF ALMIRANTE BARROSO;RUA DO ALMIRANTE, S/N;29075180;GOIABEIRAS;594;258
VITÓRIA;1910;EMEF ALMIRANTE BARROSO;RUA DO ALMIRANTE, S/N;29075180;GOIABEIRAS;595;251
VITÓRIA;1910;EMEF ALMIRANTE BARROSO;RUA DO ALMIRANTE, S/N;29075180;GOIABEIRAS;596;257
VITÓRIA;1910;EMEF ALMIRANTE BARROSO;RUA DO ALMIRANTE, S/N;29075180;GOIABEIRAS;597;256
VITÓRIA;1910;EMEF ALMIRANTE BARROSO;RUA DO ALMIRANTE, S/N;29075180;GOIABEIRAS;598;262
VITÓRIA;1295;CLUBE ÍTALO BRASILEIRO;RUA RENATO NASCIMENTO DAHER CARNEIRO, N 1036;29052730;ILHA DO BOI;158;365
VITÓRIA;1295;CLUBE ÍTALO BRASILEIRO;RUA RENATO NASCIMENTO DAHER CARNEIRO, N 1036;29052730;ILHA DO BOI;213;367
VITÓRIA;1295;CLUBE ÍTALO BRASILEIRO;RUA RENATO NASCIMENTO DAHER CARNEIRO, N 1036;29052730;ILHA DO BOI;427;363
VITÓRIA;1724;EMEF MARIA MADALENA DE ;RUA CARLOS DELGADO GUERRA PINTO  N.450;29090040;JARDIM CAMBURI;438;433
VITÓRIA;1724;EMEF MARIA MADALENA DE ;RUA CARLOS DELGADO GUERRA PINTO  N.450;29090040;JARDIM CAMBURI;439;438
VITÓRIA;1724;EMEF MARIA MADALENA DE ;RUA CARLOS DELGADO GUERRA PINTO  N.450;29090040;JARDIM CAMBURI;440;447
VITÓRIA;1724;EMEF MARIA MADALENA DE ;RUA CARLOS DELGADO GUERRA PINTO  N.450;29090040;JARDIM CAMBURI;441;41
VITÓRIA;1791;EEEM PROF. RENATO JOSÉ DA ;AV. ENG. CHARLES BITRAN, 251;29092270;JARDIM CAMBURI;495;377
VITÓRIA;1791;EEEM PROF. RENATO JOSÉ DA ;AV. ENG. CHARLES BITRAN, 251;29092270;JARDIM CAMBURI;496;370
VITÓRIA;1791;EEEM PROF. RENATO JOSÉ DA ;AV. ENG. CHARLES BITRAN, 251;29092270;JARDIM CAMBURI;497;377
VITÓRIA;1791;EEEM PROF. RENATO JOSÉ DA ;AV. ENG. CHARLES BITRAN, 251;29092270;JARDIM CAMBURI;498;373
VITÓRIA;1791;EEEM PROF. RENATO JOSÉ DA ;AV. ENG. CHARLES BITRAN, 251;29092270;JARDIM CAMBURI;499;376
VITÓRIA;1791;EEEM PROF. RENATO JOSÉ DA ;AV. ENG. CHARLES BITRAN, 251;29092270;JARDIM CAMBURI;500;377
VITÓRIA;1791;EEEM PROF. RENATO JOSÉ DA ;AV. ENG. CHARLES BITRAN, 251;29092270;JARDIM CAMBURI;501;374
VITÓRIA;1791;EEEM PROF. RENATO JOSÉ DA ;AV. ENG. CHARLES BITRAN, 251;29092270;JARDIM CAMBURI;502;372
VITÓRIA;1791;EEEM PROF. RENATO JOSÉ DA ;AV. ENG. CHARLES BITRAN, 251;29092270;JARDIM CAMBURI;503;397
VITÓRIA;1791;EEEM PROF. RENATO JOSÉ DA ;AV. ENG. CHARLES BITRAN, 251;29092270;JARDIM CAMBURI;504;376
VITÓRIA;1791;EEEM PROF. RENATO JOSÉ DA ;AV. ENG. CHARLES BITRAN, 251;29092270;JARDIM CAMBURI;697;376
VITÓRIA;1791;EEEM PROF. RENATO JOSÉ DA ;AV. ENG. CHARLES BITRAN, 251;29092270;JARDIM CAMBURI;705;375
VITÓRIA;1791;EEEM PROF. RENATO JOSÉ DA ;AV. ENG. CHARLES BITRAN, 251;29092270;JARDIM CAMBURI;710;372
VITÓRIA;1791;EEEM PROF. RENATO JOSÉ DA ;AV. ENG. CHARLES BITRAN, 251;29092270;JARDIM CAMBURI;715;374
VITÓRIA;1848;COLÉGIO RENOVAÇÃO;RUA WELLINGTON DE FREITAS, 265;29090240;JARDIM CAMBURI;521;350
VITÓRIA;1848;COLÉGIO RENOVAÇÃO;RUA WELLINGTON DE FREITAS, 265;29090240;JARDIM CAMBURI;522;348
VITÓRIA;1848;COLÉGIO RENOVAÇÃO;RUA WELLINGTON DE FREITAS, 265;29090240;JARDIM CAMBURI;523;347
VITÓRIA;1848;COLÉGIO RENOVAÇÃO;RUA WELLINGTON DE FREITAS, 265;29090240;JARDIM CAMBURI;524;349
VITÓRIA;1848;COLÉGIO RENOVAÇÃO;RUA WELLINGTON DE FREITAS, 265;29090240;JARDIM CAMBURI;525;347
VITÓRIA;1848;COLÉGIO RENOVAÇÃO;RUA WELLINGTON DE FREITAS, 265;29090240;JARDIM CAMBURI;526;357
VITÓRIA;1848;COLÉGIO RENOVAÇÃO;RUA WELLINGTON DE FREITAS, 265;29090240;JARDIM CAMBURI;527;362
VITÓRIA;1848;COLÉGIO RENOVAÇÃO;RUA WELLINGTON DE FREITAS, 265;29090240;JARDIM CAMBURI;528;364
VITÓRIA;1848;COLÉGIO RENOVAÇÃO;RUA WELLINGTON DE FREITAS, 265;29090240;JARDIM CAMBURI;529;352
VITÓRIA;1848;COLÉGIO RENOVAÇÃO;RUA WELLINGTON DE FREITAS, 265;29090240;JARDIM CAMBURI;530;350
VITÓRIA;1856;FACULDADE ESTÁCIO DE SÁ;RUA DR. HERWAN MODENESE WANDERLEI, 1001;29090640;JARDIM CAMBURI;531;362
VITÓRIA;1856;FACULDADE ESTÁCIO DE SÁ;RUA DR. HERWAN MODENESE WANDERLEI, 1001;29090640;JARDIM CAMBURI;532;359
VITÓRIA;1856;FACULDADE ESTÁCIO DE SÁ;RUA DR. HERWAN MODENESE WANDERLEI, 1001;29090640;JARDIM CAMBURI;533;357
VITÓRIA;1856;FACULDADE ESTÁCIO DE SÁ;RUA DR. HERWAN MODENESE WANDERLEI, 1001;29090640;JARDIM CAMBURI;534;362
VITÓRIA;1856;FACULDADE ESTÁCIO DE SÁ;RUA DR. HERWAN MODENESE WANDERLEI, 1001;29090640;JARDIM CAMBURI;535;366
VITÓRIA;1856;FACULDADE ESTÁCIO DE SÁ;RUA DR. HERWAN MODENESE WANDERLEI, 1001;29090640;JARDIM CAMBURI;536;369
VITÓRIA;1856;FACULDADE ESTÁCIO DE SÁ;RUA DR. HERWAN MODENESE WANDERLEI, 1001;29090640;JARDIM CAMBURI;537;363
VITÓRIA;1856;FACULDADE ESTÁCIO DE SÁ;RUA DR. HERWAN MODENESE WANDERLEI, 1001;29090640;JARDIM CAMBURI;538;357
VITÓRIA;1856;FACULDADE ESTÁCIO DE SÁ;RUA DR. HERWAN MODENESE WANDERLEI, 1001;29090640;JARDIM CAMBURI;539;367
VITÓRIA;1856;FACULDADE ESTÁCIO DE SÁ;RUA DR. HERWAN MODENESE WANDERLEI, 1001;29090640;JARDIM CAMBURI;540;363
VITÓRIA;1856;FACULDADE ESTÁCIO DE SÁ;RUA DR. HERWAN MODENESE WANDERLEI, 1001;29090640;JARDIM CAMBURI;541;365
VITÓRIA;1856;FACULDADE ESTÁCIO DE SÁ;RUA DR. HERWAN MODENESE WANDERLEI, 1001;29090640;JARDIM CAMBURI;542;361
VITÓRIA;1856;FACULDADE ESTÁCIO DE SÁ;RUA DR. HERWAN MODENESE WANDERLEI, 1001;29090640;JARDIM CAMBURI;543;364
VITÓRIA;1856;FACULDADE ESTÁCIO DE SÁ;RUA DR. HERWAN MODENESE WANDERLEI, 1001;29090640;JARDIM CAMBURI;544;359
VITÓRIA;1856;FACULDADE ESTÁCIO DE SÁ;RUA DR. HERWAN MODENESE WANDERLEI, 1001;29090640;JARDIM CAMBURI;545;359
VITÓRIA;1864;CMEI JOÃO PEDRO DE AGUIAR;RUA JULIA LACOURT PENNA;29090210;JARDIM CAMBURI;546;366
VITÓRIA;1864;CMEI JOÃO PEDRO DE AGUIAR;RUA JULIA LACOURT PENNA;29090210;JARDIM CAMBURI;547;359
VITÓRIA;1864;CMEI JOÃO PEDRO DE AGUIAR;RUA JULIA LACOURT PENNA;29090210;JARDIM CAMBURI;548;358
VITÓRIA;1864;CMEI JOÃO PEDRO DE AGUIAR;RUA JULIA LACOURT PENNA;29090210;JARDIM CAMBURI;549;358
VITÓRIA;1864;CMEI JOÃO PEDRO DE AGUIAR;RUA JULIA LACOURT PENNA;29090210;JARDIM CAMBURI;550;362
VITÓRIA;1864;CMEI JOÃO PEDRO DE AGUIAR;RUA JULIA LACOURT PENNA;29090210;JARDIM CAMBURI;698;360
VITÓRIA;1945;CMEI ANA MARIA CHAVES COLARES;RUA OSWALDO BASTOS DE SOUZA FREITAS S/N;29090450;JARDIM CAMBURI;618;398
VITÓRIA;1945;CMEI ANA MARIA CHAVES COLARES;RUA OSWALDO BASTOS DE SOUZA FREITAS S/N;29090450;JARDIM CAMBURI;619;442
VITÓRIA;1945;CMEI ANA MARIA CHAVES COLARES;RUA OSWALDO BASTOS DE SOUZA FREITAS S/N;29090450;JARDIM CAMBURI;620;434
VITÓRIA;1945;CMEI ANA MARIA CHAVES COLARES;RUA OSWALDO BASTOS DE SOUZA FREITAS S/N;29090450;JARDIM CAMBURI;621;310
VITÓRIA;1988;EMEFM  ELZIRA VIVACQUA DOS ;R. ITALINA PEREIRA MOTTA, S/N;29090370;JARDIM CAMBURI;643;380
VITÓRIA;1988;EMEFM  ELZIRA VIVACQUA DOS ;R. ITALINA PEREIRA MOTTA, S/N;29090370;JARDIM CAMBURI;644;382
VITÓRIA;1988;EMEFM  ELZIRA VIVACQUA DOS ;R. ITALINA PEREIRA MOTTA, S/N;29090370;JARDIM CAMBURI;645;380
VITÓRIA;1988;EMEFM  ELZIRA VIVACQUA DOS ;R. ITALINA PEREIRA MOTTA, S/N;29090370;JARDIM CAMBURI;646;377
VITÓRIA;1988;EMEFM  ELZIRA VIVACQUA DOS ;R. ITALINA PEREIRA MOTTA, S/N;29090370;JARDIM CAMBURI;647;376
VITÓRIA;1988;EMEFM  ELZIRA VIVACQUA DOS ;R. ITALINA PEREIRA MOTTA, S/N;29090370;JARDIM CAMBURI;648;386
VITÓRIA;1988;EMEFM  ELZIRA VIVACQUA DOS ;R. ITALINA PEREIRA MOTTA, S/N;29090370;JARDIM CAMBURI;649;375
VITÓRIA;1988;EMEFM  ELZIRA VIVACQUA DOS ;R. ITALINA PEREIRA MOTTA, S/N;29090370;JARDIM CAMBURI;650;405
VITÓRIA;1988;EMEFM  ELZIRA VIVACQUA DOS ;R. ITALINA PEREIRA MOTTA, S/N;29090370;JARDIM CAMBURI;651;435
VITÓRIA;1988;EMEFM  ELZIRA VIVACQUA DOS ;R. ITALINA PEREIRA MOTTA, S/N;29090370;JARDIM CAMBURI;652;439
VITÓRIA;1988;EMEFM  ELZIRA VIVACQUA DOS ;R. ITALINA PEREIRA MOTTA, S/N;29090370;JARDIM CAMBURI;653;425
VITÓRIA;1988;EMEFM  ELZIRA VIVACQUA DOS ;R. ITALINA PEREIRA MOTTA, S/N;29090370;JARDIM CAMBURI;686;378
VITÓRIA;1996;EMEF ADELVANI SYSESMUNDO F. DE ;R. VICTORINO CARDOSO, 140;29090820;JARDIM CAMBURI;654;333
VITÓRIA;1996;EMEF ADELVANI SYSESMUNDO F. DE ;R. VICTORINO CARDOSO, 140;29090820;JARDIM CAMBURI;655;330
VITÓRIA;1996;EMEF ADELVANI SYSESMUNDO F. DE ;R. VICTORINO CARDOSO, 140;29090820;JARDIM CAMBURI;656;330
VITÓRIA;1996;EMEF ADELVANI SYSESMUNDO F. DE ;R. VICTORINO CARDOSO, 140;29090820;JARDIM CAMBURI;657;333
VITÓRIA;1996;EMEF ADELVANI SYSESMUNDO F. DE ;R. VICTORINO CARDOSO, 140;29090820;JARDIM CAMBURI;658;331
VITÓRIA;1996;EMEF ADELVANI SYSESMUNDO F. DE ;R. VICTORINO CARDOSO, 140;29090820;JARDIM CAMBURI;659;331
VITÓRIA;1996;EMEF ADELVANI SYSESMUNDO F. DE ;R. VICTORINO CARDOSO, 140;29090820;JARDIM CAMBURI;660;333
VITÓRIA;1996;EMEF ADELVANI SYSESMUNDO F. DE ;R. VICTORINO CARDOSO, 140;29090820;JARDIM CAMBURI;661;334
VITÓRIA;1996;EMEF ADELVANI SYSESMUNDO F. DE ;R. VICTORINO CARDOSO, 140;29090820;JARDIM CAMBURI;662;331
VITÓRIA;1996;EMEF ADELVANI SYSESMUNDO F. DE ;R. VICTORINO CARDOSO, 140;29090820;JARDIM CAMBURI;663;330
VITÓRIA;1996;EMEF ADELVANI SYSESMUNDO F. DE ;R. VICTORINO CARDOSO, 140;29090820;JARDIM CAMBURI;664;332
VITÓRIA;1996;EMEF ADELVANI SYSESMUNDO F. DE ;R. VICTORINO CARDOSO, 140;29090820;JARDIM CAMBURI;665;328
VITÓRIA;1996;EMEF ADELVANI SYSESMUNDO F. DE ;R. VICTORINO CARDOSO, 140;29090820;JARDIM CAMBURI;666;332
VITÓRIA;1996;EMEF ADELVANI SYSESMUNDO F. DE ;R. VICTORINO CARDOSO, 140;29090820;JARDIM CAMBURI;667;328
VITÓRIA;1996;EMEF ADELVANI SYSESMUNDO F. DE ;R. VICTORINO CARDOSO, 140;29090820;JARDIM CAMBURI;668;333
VITÓRIA;2003;ISJB - COLÉGIO SALESIANO JARDIM ;RUA JOSÉ CELSO CLÁUDIO, 1050;29090410;JARDIM CAMBURI;669;368
VITÓRIA;2003;ISJB - COLÉGIO SALESIANO JARDIM ;RUA JOSÉ CELSO CLÁUDIO, 1050;29090410;JARDIM CAMBURI;670;370
VITÓRIA;2003;ISJB - COLÉGIO SALESIANO JARDIM ;RUA JOSÉ CELSO CLÁUDIO, 1050;29090410;JARDIM CAMBURI;671;368
VITÓRIA;2003;ISJB - COLÉGIO SALESIANO JARDIM ;RUA JOSÉ CELSO CLÁUDIO, 1050;29090410;JARDIM CAMBURI;672;366
VITÓRIA;2003;ISJB - COLÉGIO SALESIANO JARDIM ;RUA JOSÉ CELSO CLÁUDIO, 1050;29090410;JARDIM CAMBURI;673;366
VITÓRIA;2003;ISJB - COLÉGIO SALESIANO JARDIM ;RUA JOSÉ CELSO CLÁUDIO, 1050;29090410;JARDIM CAMBURI;674;364
VITÓRIA;2003;ISJB - COLÉGIO SALESIANO JARDIM ;RUA JOSÉ CELSO CLÁUDIO, 1050;29090410;JARDIM CAMBURI;675;364
VITÓRIA;2003;ISJB - COLÉGIO SALESIANO JARDIM ;RUA JOSÉ CELSO CLÁUDIO, 1050;29090410;JARDIM CAMBURI;676;363
VITÓRIA;2003;ISJB - COLÉGIO SALESIANO JARDIM ;RUA JOSÉ CELSO CLÁUDIO, 1050;29090410;JARDIM CAMBURI;677;367
VITÓRIA;2003;ISJB - COLÉGIO SALESIANO JARDIM ;RUA JOSÉ CELSO CLÁUDIO, 1050;29090410;JARDIM CAMBURI;678;369
VITÓRIA;2003;ISJB - COLÉGIO SALESIANO JARDIM ;RUA JOSÉ CELSO CLÁUDIO, 1050;29090410;JARDIM CAMBURI;679;368
VITÓRIA;2003;ISJB - COLÉGIO SALESIANO JARDIM ;RUA JOSÉ CELSO CLÁUDIO, 1050;29090410;JARDIM CAMBURI;680;366
VITÓRIA;2003;ISJB - COLÉGIO SALESIANO JARDIM ;RUA JOSÉ CELSO CLÁUDIO, 1050;29090410;JARDIM CAMBURI;681;366
VITÓRIA;2003;ISJB - COLÉGIO SALESIANO JARDIM ;RUA JOSÉ CELSO CLÁUDIO, 1050;29090410;JARDIM CAMBURI;688;361
VITÓRIA;2003;ISJB - COLÉGIO SALESIANO JARDIM ;RUA JOSÉ CELSO CLÁUDIO, 1050;29090410;JARDIM CAMBURI;691;365
VITÓRIA;2003;ISJB - COLÉGIO SALESIANO JARDIM ;RUA JOSÉ CELSO CLÁUDIO, 1050;29090410;JARDIM CAMBURI;692;367
VITÓRIA;2070;PRÉDIO ANEXO DA PRIMEIRA IGREJA ;RUA ALMERINDA CORINA DA SILVA, S/N;29090550;JARDIM CAMBURI;703;377
VITÓRIA;2070;PRÉDIO ANEXO DA PRIMEIRA IGREJA ;RUA ALMERINDA CORINA DA SILVA, S/N;29090550;JARDIM CAMBURI;712;184
VITÓRIA;2089;CMEI RUBENS JOSÉ VERVLOET GOMES;R. JOSÉ CÉLSO CLÁUDIO - JARDIM CAMBURI, VITÓRIA - ES;29090410;JARDIM CAMBURI;704;379
VITÓRIA;2089;CMEI RUBENS JOSÉ VERVLOET GOMES;R. JOSÉ CÉLSO CLÁUDIO - JARDIM CAMBURI, VITÓRIA - ES;29090410;JARDIM CAMBURI;709;380
VITÓRIA;2089;CMEI RUBENS JOSÉ VERVLOET GOMES;R. JOSÉ CÉLSO CLÁUDIO - JARDIM CAMBURI, VITÓRIA - ES;29090410;JARDIM CAMBURI;711;377
VITÓRIA;2089;CMEI RUBENS JOSÉ VERVLOET GOMES;R. JOSÉ CÉLSO CLÁUDIO - JARDIM CAMBURI, VITÓRIA - ES;29090410;JARDIM CAMBURI;720;19
VITÓRIA;1767;CMEI ZENAIDE GENOVEVA ;AV. DOUTOR PEDRO FEU ROSA N.421;29060730;JARDIM DA PENHA;473;363
VITÓRIA;1767;CMEI ZENAIDE GENOVEVA ;AV. DOUTOR PEDRO FEU ROSA N.421;29060730;JARDIM DA PENHA;474;365
VITÓRIA;1767;CMEI ZENAIDE GENOVEVA ;AV. DOUTOR PEDRO FEU ROSA N.421;29060730;JARDIM DA PENHA;475;361
VITÓRIA;1767;CMEI ZENAIDE GENOVEVA ;AV. DOUTOR PEDRO FEU ROSA N.421;29060730;JARDIM DA PENHA;476;378
VITÓRIA;1767;CMEI ZENAIDE GENOVEVA ;AV. DOUTOR PEDRO FEU ROSA N.421;29060730;JARDIM DA PENHA;477;389
VITÓRIA;1767;CMEI ZENAIDE GENOVEVA ;AV. DOUTOR PEDRO FEU ROSA N.421;29060730;JARDIM DA PENHA;478;365
VITÓRIA;1767;CMEI ZENAIDE GENOVEVA ;AV. DOUTOR PEDRO FEU ROSA N.421;29060730;JARDIM DA PENHA;699;365
VITÓRIA;1872;EMEF ÉBER LOUZADA ;R. NATALINA DAHER CARNEIRO, 815;29060490;JARDIM DA PENHA;551;330
VITÓRIA;1872;EMEF ÉBER LOUZADA ;R. NATALINA DAHER CARNEIRO, 815;29060490;JARDIM DA PENHA;552;334
VITÓRIA;1872;EMEF ÉBER LOUZADA ;R. NATALINA DAHER CARNEIRO, 815;29060490;JARDIM DA PENHA;553;325
VITÓRIA;1872;EMEF ÉBER LOUZADA ;R. NATALINA DAHER CARNEIRO, 815;29060490;JARDIM DA PENHA;554;330
VITÓRIA;1872;EMEF ÉBER LOUZADA ;R. NATALINA DAHER CARNEIRO, 815;29060490;JARDIM DA PENHA;555;352
VITÓRIA;1872;EMEF ÉBER LOUZADA ;R. NATALINA DAHER CARNEIRO, 815;29060490;JARDIM DA PENHA;556;332
VITÓRIA;1872;EMEF ÉBER LOUZADA ;R. NATALINA DAHER CARNEIRO, 815;29060490;JARDIM DA PENHA;557;327
VITÓRIA;1872;EMEF ÉBER LOUZADA ;R. NATALINA DAHER CARNEIRO, 815;29060490;JARDIM DA PENHA;558;341
VITÓRIA;1872;EMEF ÉBER LOUZADA ;R. NATALINA DAHER CARNEIRO, 815;29060490;JARDIM DA PENHA;559;356
VITÓRIA;1872;EMEF ÉBER LOUZADA ;R. NATALINA DAHER CARNEIRO, 815;29060490;JARDIM DA PENHA;560;330
VITÓRIA;1872;EMEF ÉBER LOUZADA ;R. NATALINA DAHER CARNEIRO, 815;29060490;JARDIM DA PENHA;561;448
VITÓRIA;1872;EMEF ÉBER LOUZADA ;R. NATALINA DAHER CARNEIRO, 815;29060490;JARDIM DA PENHA;562;330
VITÓRIA;1880;SESI - SERVIÇO SOCIAL DA ;R. TUPINAMBÁS, 240;29060810;JARDIM DA PENHA;563;283
VITÓRIA;1880;SESI - SERVIÇO SOCIAL DA ;R. TUPINAMBÁS, 240;29060810;JARDIM DA PENHA;564;281
VITÓRIA;1880;SESI - SERVIÇO SOCIAL DA ;R. TUPINAMBÁS, 240;29060810;JARDIM DA PENHA;565;281
VITÓRIA;1880;SESI - SERVIÇO SOCIAL DA ;R. TUPINAMBÁS, 240;29060810;JARDIM DA PENHA;566;190
VITÓRIA;1880;SESI - SERVIÇO SOCIAL DA ;R. TUPINAMBÁS, 240;29060810;JARDIM DA PENHA;567;275
VITÓRIA;1880;SESI - SERVIÇO SOCIAL DA ;R. TUPINAMBÁS, 240;29060810;JARDIM DA PENHA;568;191
VITÓRIA;1880;SESI - SERVIÇO SOCIAL DA ;R. TUPINAMBÁS, 240;29060810;JARDIM DA PENHA;569;273
VITÓRIA;1880;SESI - SERVIÇO SOCIAL DA ;R. TUPINAMBÁS, 240;29060810;JARDIM DA PENHA;570;284
VITÓRIA;1880;SESI - SERVIÇO SOCIAL DA ;R. TUPINAMBÁS, 240;29060810;JARDIM DA PENHA;571;277
VITÓRIA;1880;SESI - SERVIÇO SOCIAL DA ;R. TUPINAMBÁS, 240;29060810;JARDIM DA PENHA;572;191
VITÓRIA;1880;SESI - SERVIÇO SOCIAL DA ;R. TUPINAMBÁS, 240;29060810;JARDIM DA PENHA;573;191
VITÓRIA;1880;SESI - SERVIÇO SOCIAL DA ;R. TUPINAMBÁS, 240;29060810;JARDIM DA PENHA;574;323
VITÓRIA;1880;SESI - SERVIÇO SOCIAL DA ;R. TUPINAMBÁS, 240;29060810;JARDIM DA PENHA;575;364
VITÓRIA;1880;SESI - SERVIÇO SOCIAL DA ;R. TUPINAMBÁS, 240;29060810;JARDIM DA PENHA;576;442
VITÓRIA;1880;SESI - SERVIÇO SOCIAL DA ;R. TUPINAMBÁS, 240;29060810;JARDIM DA PENHA;577;325
VITÓRIA;1899;EMEF ÁLVARO DE CASTRO MATTOS;RUA EUGENÍLIO RAMOS, 781;29060130;JARDIM DA PENHA;578;374
VITÓRIA;1899;EMEF ÁLVARO DE CASTRO MATTOS;RUA EUGENÍLIO RAMOS, 781;29060130;JARDIM DA PENHA;579;374
VITÓRIA;1899;EMEF ÁLVARO DE CASTRO MATTOS;RUA EUGENÍLIO RAMOS, 781;29060130;JARDIM DA PENHA;580;371
VITÓRIA;1899;EMEF ÁLVARO DE CASTRO MATTOS;RUA EUGENÍLIO RAMOS, 781;29060130;JARDIM DA PENHA;581;374
VITÓRIA;1899;EMEF ÁLVARO DE CASTRO MATTOS;RUA EUGENÍLIO RAMOS, 781;29060130;JARDIM DA PENHA;582;369
VITÓRIA;1899;EMEF ÁLVARO DE CASTRO MATTOS;RUA EUGENÍLIO RAMOS, 781;29060130;JARDIM DA PENHA;583;372
VITÓRIA;1899;EMEF ÁLVARO DE CASTRO MATTOS;RUA EUGENÍLIO RAMOS, 781;29060130;JARDIM DA PENHA;584;373
VITÓRIA;1899;EMEF ÁLVARO DE CASTRO MATTOS;RUA EUGENÍLIO RAMOS, 781;29060130;JARDIM DA PENHA;585;372
VITÓRIA;1899;EMEF ÁLVARO DE CASTRO MATTOS;RUA EUGENÍLIO RAMOS, 781;29060130;JARDIM DA PENHA;586;370
VITÓRIA;1899;EMEF ÁLVARO DE CASTRO MATTOS;RUA EUGENÍLIO RAMOS, 781;29060130;JARDIM DA PENHA;587;373
VITÓRIA;1899;EMEF ÁLVARO DE CASTRO MATTOS;RUA EUGENÍLIO RAMOS, 781;29060130;JARDIM DA PENHA;588;371
VITÓRIA;1953;CLUBE DOS OFICIAIS DA PM;R. COM. OCTÁVIO DE QUEIROZ, 1225;29060270;JARDIM DA PENHA;622;408
VITÓRIA;1953;CLUBE DOS OFICIAIS DA PM;R. COM. OCTÁVIO DE QUEIROZ, 1225;29060270;JARDIM DA PENHA;623;393
VITÓRIA;1953;CLUBE DOS OFICIAIS DA PM;R. COM. OCTÁVIO DE QUEIROZ, 1225;29060270;JARDIM DA PENHA;624;403
VITÓRIA;1953;CLUBE DOS OFICIAIS DA PM;R. COM. OCTÁVIO DE QUEIROZ, 1225;29060270;JARDIM DA PENHA;625;398
VITÓRIA;1953;CLUBE DOS OFICIAIS DA PM;R. COM. OCTÁVIO DE QUEIROZ, 1225;29060270;JARDIM DA PENHA;626;408
VITÓRIA;1961;UP - CENTRO EDUCACIONAL ;AVENIDA SATURNINO RANGEL MAURO, 1185;29060770;JARDIM DA PENHA;627;362
VITÓRIA;1961;UP - CENTRO EDUCACIONAL ;AVENIDA SATURNINO RANGEL MAURO, 1185;29060770;JARDIM DA PENHA;628;360
VITÓRIA;1961;UP - CENTRO EDUCACIONAL ;AVENIDA SATURNINO RANGEL MAURO, 1185;29060770;JARDIM DA PENHA;629;368
VITÓRIA;1961;UP - CENTRO EDUCACIONAL ;AVENIDA SATURNINO RANGEL MAURO, 1185;29060770;JARDIM DA PENHA;630;361
VITÓRIA;1961;UP - CENTRO EDUCACIONAL ;AVENIDA SATURNINO RANGEL MAURO, 1185;29060770;JARDIM DA PENHA;631;362
VITÓRIA;1961;UP - CENTRO EDUCACIONAL ;AVENIDA SATURNINO RANGEL MAURO, 1185;29060770;JARDIM DA PENHA;632;358
VITÓRIA;1961;UP - CENTRO EDUCACIONAL ;AVENIDA SATURNINO RANGEL MAURO, 1185;29060770;JARDIM DA PENHA;633;363
VITÓRIA;1961;UP - CENTRO EDUCACIONAL ;AVENIDA SATURNINO RANGEL MAURO, 1185;29060770;JARDIM DA PENHA;634;367
VITÓRIA;1961;UP - CENTRO EDUCACIONAL ;AVENIDA SATURNINO RANGEL MAURO, 1185;29060770;JARDIM DA PENHA;635;362
VITÓRIA;1961;UP - CENTRO EDUCACIONAL ;AVENIDA SATURNINO RANGEL MAURO, 1185;29060770;JARDIM DA PENHA;636;368
VITÓRIA;1961;UP - CENTRO EDUCACIONAL ;AVENIDA SATURNINO RANGEL MAURO, 1185;29060770;JARDIM DA PENHA;637;362
VITÓRIA;1961;UP - CENTRO EDUCACIONAL ;AVENIDA SATURNINO RANGEL MAURO, 1185;29060770;JARDIM DA PENHA;638;363
VITÓRIA;1961;UP - CENTRO EDUCACIONAL ;AVENIDA SATURNINO RANGEL MAURO, 1185;29060770;JARDIM DA PENHA;639;364
VITÓRIA;1961;UP - CENTRO EDUCACIONAL ;AVENIDA SATURNINO RANGEL MAURO, 1185;29060770;JARDIM DA PENHA;640;366
VITÓRIA;1961;UP - CENTRO EDUCACIONAL ;AVENIDA SATURNINO RANGEL MAURO, 1185;29060770;JARDIM DA PENHA;690;363
VITÓRIA;1961;UP - CENTRO EDUCACIONAL ;AVENIDA SATURNINO RANGEL MAURO, 1185;29060770;JARDIM DA PENHA;695;362
VITÓRIA;1740;EMEF MAL. MASCARENHAS DE ;R. JERÔNIMO VERVLOET, 560;29070350;MARIA ORTIZ;450;358
VITÓRIA;1740;EMEF MAL. MASCARENHAS DE ;R. JERÔNIMO VERVLOET, 560;29070350;MARIA ORTIZ;451;343
VITÓRIA;1740;EMEF MAL. MASCARENHAS DE ;R. JERÔNIMO VERVLOET, 560;29070350;MARIA ORTIZ;452;349
VITÓRIA;1740;EMEF MAL. MASCARENHAS DE ;R. JERÔNIMO VERVLOET, 560;29070350;MARIA ORTIZ;453;352
VITÓRIA;1740;EMEF MAL. MASCARENHAS DE ;R. JERÔNIMO VERVLOET, 560;29070350;MARIA ORTIZ;454;352
VITÓRIA;1740;EMEF MAL. MASCARENHAS DE ;R. JERÔNIMO VERVLOET, 560;29070350;MARIA ORTIZ;455;357
VITÓRIA;1740;EMEF MAL. MASCARENHAS DE ;R. JERÔNIMO VERVLOET, 560;29070350;MARIA ORTIZ;456;367
VITÓRIA;1740;EMEF MAL. MASCARENHAS DE ;R. JERÔNIMO VERVLOET, 560;29070350;MARIA ORTIZ;457;422
VITÓRIA;1740;EMEF MAL. MASCARENHAS DE ;R. JERÔNIMO VERVLOET, 560;29070350;MARIA ORTIZ;458;173
VITÓRIA;1813;CMEI - REINALDO RIDOLFI;RUA PROFESSOR RENATO RIBEIRO DOS SANTOS 265;29070310;MARIA ORTIZ;508;357
VITÓRIA;1813;CMEI - REINALDO RIDOLFI;RUA PROFESSOR RENATO RIBEIRO DOS SANTOS 265;29070310;MARIA ORTIZ;509;363
VITÓRIA;1813;CMEI - REINALDO RIDOLFI;RUA PROFESSOR RENATO RIBEIRO DOS SANTOS 265;29070310;MARIA ORTIZ;510;363
VITÓRIA;1813;CMEI - REINALDO RIDOLFI;RUA PROFESSOR RENATO RIBEIRO DOS SANTOS 265;29070310;MARIA ORTIZ;717;165
VITÓRIA;1929;EMEF JUSCELINO KUBSCHEK DE ;R. JERÔNIMO VERVLOET, 880;29070350;MARIA ORTIZ;600;349
VITÓRIA;1929;EMEF JUSCELINO KUBSCHEK DE ;R. JERÔNIMO VERVLOET, 880;29070350;MARIA ORTIZ;601;343
VITÓRIA;1929;EMEF JUSCELINO KUBSCHEK DE ;R. JERÔNIMO VERVLOET, 880;29070350;MARIA ORTIZ;602;349
VITÓRIA;1929;EMEF JUSCELINO KUBSCHEK DE ;R. JERÔNIMO VERVLOET, 880;29070350;MARIA ORTIZ;603;363
VITÓRIA;1929;EMEF JUSCELINO KUBSCHEK DE ;R. JERÔNIMO VERVLOET, 880;29070350;MARIA ORTIZ;604;364
VITÓRIA;1929;EMEF JUSCELINO KUBSCHEK DE ;R. JERÔNIMO VERVLOET, 880;29070350;MARIA ORTIZ;605;380
VITÓRIA;1929;EMEF JUSCELINO KUBSCHEK DE ;R. JERÔNIMO VERVLOET, 880;29070350;MARIA ORTIZ;606;358
VITÓRIA;1929;EMEF JUSCELINO KUBSCHEK DE ;R. JERÔNIMO VERVLOET, 880;29070350;MARIA ORTIZ;607;360
VITÓRIA;1929;EMEF JUSCELINO KUBSCHEK DE ;R. JERÔNIMO VERVLOET, 880;29070350;MARIA ORTIZ;608;358
VITÓRIA;1929;EMEF JUSCELINO KUBSCHEK DE ;R. JERÔNIMO VERVLOET, 880;29070350;MARIA ORTIZ;609;424
VITÓRIA;1929;EMEF JUSCELINO KUBSCHEK DE ;R. JERÔNIMO VERVLOET, 880;29070350;MARIA ORTIZ;610;340
VITÓRIA;1929;EMEF JUSCELINO KUBSCHEK DE ;R. JERÔNIMO VERVLOET, 880;29070350;MARIA ORTIZ;611;125
VITÓRIA;1970;CENTRO DE CONVIVÊNCIA DA 3ª ;RUA PROFESSORA EXPEDITO RAMOS BORGEA  N/40;29070650;MARIA ORTIZ;641;303
VITÓRIA;1970;CENTRO DE CONVIVÊNCIA DA 3ª ;RUA PROFESSORA EXPEDITO RAMOS BORGEA  N/40;29070650;MARIA ORTIZ;642;306
VITÓRIA;1759;CENTRO EDUCACIONAL ;R. DES. VICENTE CAETANO, 116;29060510;MATA DA PRAIA;459;394
VITÓRIA;1759;CENTRO EDUCACIONAL ;R. DES. VICENTE CAETANO, 116;29060510;MATA DA PRAIA;460;386
VITÓRIA;1759;CENTRO EDUCACIONAL ;R. DES. VICENTE CAETANO, 116;29060510;MATA DA PRAIA;461;391
VITÓRIA;1759;CENTRO EDUCACIONAL ;R. DES. VICENTE CAETANO, 116;29060510;MATA DA PRAIA;462;385
VITÓRIA;1759;CENTRO EDUCACIONAL ;R. DES. VICENTE CAETANO, 116;29060510;MATA DA PRAIA;463;380
VITÓRIA;1759;CENTRO EDUCACIONAL ;R. DES. VICENTE CAETANO, 116;29060510;MATA DA PRAIA;464;383
VITÓRIA;1759;CENTRO EDUCACIONAL ;R. DES. VICENTE CAETANO, 116;29060510;MATA DA PRAIA;465;385
VITÓRIA;1759;CENTRO EDUCACIONAL ;R. DES. VICENTE CAETANO, 116;29060510;MATA DA PRAIA;466;382
VITÓRIA;1759;CENTRO EDUCACIONAL ;R. DES. VICENTE CAETANO, 116;29060510;MATA DA PRAIA;467;412
VITÓRIA;1759;CENTRO EDUCACIONAL ;R. DES. VICENTE CAETANO, 116;29060510;MATA DA PRAIA;468;432
VITÓRIA;1759;CENTRO EDUCACIONAL ;R. DES. VICENTE CAETANO, 116;29060510;MATA DA PRAIA;469;426
VITÓRIA;1759;CENTRO EDUCACIONAL ;R. DES. VICENTE CAETANO, 116;29060510;MATA DA PRAIA;470;442
VITÓRIA;1759;CENTRO EDUCACIONAL ;R. DES. VICENTE CAETANO, 116;29060510;MATA DA PRAIA;471;420
VITÓRIA;1759;CENTRO EDUCACIONAL ;R. DES. VICENTE CAETANO, 116;29060510;MATA DA PRAIA;472;380
VITÓRIA;2011;COLÉGIO AMÉRICA;R. JOÃO NUNES COELHO, 150;29065490;MATA DA PRAIA;693;384
VITÓRIA;2011;COLÉGIO AMÉRICA;R. JOÃO NUNES COELHO, 150;29065490;MATA DA PRAIA;706;372
VITÓRIA;2011;COLÉGIO AMÉRICA;R. JOÃO NUNES COELHO, 150;29065490;MATA DA PRAIA;716;293
VITÓRIA;1031;ESCOLA DE EDUCAÇÃO PROF. ;PRAÇA  CRISTÓVÃO JACQUES, 260;29055070;PRAIA DE SANTA HELENA;11;261
VITÓRIA;1031;ESCOLA DE EDUCAÇÃO PROF. ;PRAÇA  CRISTÓVÃO JACQUES, 260;29055070;PRAIA DE SANTA HELENA;12;266
VITÓRIA;1031;ESCOLA DE EDUCAÇÃO PROF. ;PRAÇA  CRISTÓVÃO JACQUES, 260;29055070;PRAIA DE SANTA HELENA;13;255
VITÓRIA;1031;ESCOLA DE EDUCAÇÃO PROF. ;PRAÇA  CRISTÓVÃO JACQUES, 260;29055070;PRAIA DE SANTA HELENA;14;256
VITÓRIA;1031;ESCOLA DE EDUCAÇÃO PROF. ;PRAÇA  CRISTÓVÃO JACQUES, 260;29055070;PRAIA DE SANTA HELENA;15;258
VITÓRIA;1031;ESCOLA DE EDUCAÇÃO PROF. ;PRAÇA  CRISTÓVÃO JACQUES, 260;29055070;PRAIA DE SANTA HELENA;16;241
VITÓRIA;1031;ESCOLA DE EDUCAÇÃO PROF. ;PRAÇA  CRISTÓVÃO JACQUES, 260;29055070;PRAIA DE SANTA HELENA;17;261
VITÓRIA;1031;ESCOLA DE EDUCAÇÃO PROF. ;PRAÇA  CRISTÓVÃO JACQUES, 260;29055070;PRAIA DE SANTA HELENA;18;252
VITÓRIA;1031;ESCOLA DE EDUCAÇÃO PROF. ;PRAÇA  CRISTÓVÃO JACQUES, 260;29055070;PRAIA DE SANTA HELENA;19;246
VITÓRIA;1031;ESCOLA DE EDUCAÇÃO PROF. ;PRAÇA  CRISTÓVÃO JACQUES, 260;29055070;PRAIA DE SANTA HELENA;20;250
VITÓRIA;1031;ESCOLA DE EDUCAÇÃO PROF. ;PRAÇA  CRISTÓVÃO JACQUES, 260;29055070;PRAIA DE SANTA HELENA;21;248
VITÓRIA;1031;ESCOLA DE EDUCAÇÃO PROF. ;PRAÇA  CRISTÓVÃO JACQUES, 260;29055070;PRAIA DE SANTA HELENA;169;252
VITÓRIA;1058;COLÉGIO SAGRADO CORAÇÃO DE ;R. SAGRADO CORAÇÃO MARIA, 315;29055770;PRAIA DO CANTO;22;376
VITÓRIA;1058;COLÉGIO SAGRADO CORAÇÃO DE ;R. SAGRADO CORAÇÃO MARIA, 315;29055770;PRAIA DO CANTO;23;374
VITÓRIA;1058;COLÉGIO SAGRADO CORAÇÃO DE ;R. SAGRADO CORAÇÃO MARIA, 315;29055770;PRAIA DO CANTO;24;377
VITÓRIA;1058;COLÉGIO SAGRADO CORAÇÃO DE ;R. SAGRADO CORAÇÃO MARIA, 315;29055770;PRAIA DO CANTO;195;375
VITÓRIA;1074;EPG IRMÃ MARIA HORTA;R. ALEIXO NETTO, 1060;29050200;PRAIA DO CANTO;29;371
VITÓRIA;1074;EPG IRMÃ MARIA HORTA;R. ALEIXO NETTO, 1060;29050200;PRAIA DO CANTO;30;372
VITÓRIA;1074;EPG IRMÃ MARIA HORTA;R. ALEIXO NETTO, 1060;29050200;PRAIA DO CANTO;31;360
VITÓRIA;1074;EPG IRMÃ MARIA HORTA;R. ALEIXO NETTO, 1060;29050200;PRAIA DO CANTO;32;357
VITÓRIA;1074;EPG IRMÃ MARIA HORTA;R. ALEIXO NETTO, 1060;29050200;PRAIA DO CANTO;33;378
VITÓRIA;1074;EPG IRMÃ MARIA HORTA;R. ALEIXO NETTO, 1060;29050200;PRAIA DO CANTO;34;366
VITÓRIA;1074;EPG IRMÃ MARIA HORTA;R. ALEIXO NETTO, 1060;29050200;PRAIA DO CANTO;35;370
VITÓRIA;1074;EPG IRMÃ MARIA HORTA;R. ALEIXO NETTO, 1060;29050200;PRAIA DO CANTO;162;371
VITÓRIA;1074;EPG IRMÃ MARIA HORTA;R. ALEIXO NETTO, 1060;29050200;PRAIA DO CANTO;174;365
VITÓRIA;1074;EPG IRMÃ MARIA HORTA;R. ALEIXO NETTO, 1060;29050200;PRAIA DO CANTO;685;83
VITÓRIA;1082;EMEF - MARIA LEONOR PEREIRA ;RUA DESEMBARGADOR SANTOS NEVES, N 91;29056055;PRAIA DO CANTO;36;348
VITÓRIA;1082;EMEF - MARIA LEONOR PEREIRA ;RUA DESEMBARGADOR SANTOS NEVES, N 91;29056055;PRAIA DO CANTO;37;344
VITÓRIA;1082;EMEF - MARIA LEONOR PEREIRA ;RUA DESEMBARGADOR SANTOS NEVES, N 91;29056055;PRAIA DO CANTO;38;341
VITÓRIA;1082;EMEF - MARIA LEONOR PEREIRA ;RUA DESEMBARGADOR SANTOS NEVES, N 91;29056055;PRAIA DO CANTO;217;324
VITÓRIA;1082;EMEF - MARIA LEONOR PEREIRA ;RUA DESEMBARGADOR SANTOS NEVES, N 91;29056055;PRAIA DO CANTO;256;332
VITÓRIA;1082;EMEF - MARIA LEONOR PEREIRA ;RUA DESEMBARGADOR SANTOS NEVES, N 91;29056055;PRAIA DO CANTO;425;435
VITÓRIA;1082;EMEF - MARIA LEONOR PEREIRA ;RUA DESEMBARGADOR SANTOS NEVES, N 91;29056055;PRAIA DO CANTO;429;420
VITÓRIA;1082;EMEF - MARIA LEONOR PEREIRA ;RUA DESEMBARGADOR SANTOS NEVES, N 91;29056055;PRAIA DO CANTO;432;383
VITÓRIA;1082;EMEF - MARIA LEONOR PEREIRA ;RUA DESEMBARGADOR SANTOS NEVES, N 91;29056055;PRAIA DO CANTO;687;188
VITÓRIA;1252;UP - ESCOLA DE ENSINO MÉDIO E ;R. FORTUNATO RAMOS, 512;29055642;PRAIA DO CANTO;157;405
VITÓRIA;1252;UP - ESCOLA DE ENSINO MÉDIO E ;R. FORTUNATO RAMOS, 512;29055642;PRAIA DO CANTO;163;402
VITÓRIA;1252;UP - ESCOLA DE ENSINO MÉDIO E ;R. FORTUNATO RAMOS, 512;29055642;PRAIA DO CANTO;183;397
VITÓRIA;1252;UP - ESCOLA DE ENSINO MÉDIO E ;R. FORTUNATO RAMOS, 512;29055642;PRAIA DO CANTO;208;384
VITÓRIA;1252;UP - ESCOLA DE ENSINO MÉDIO E ;R. FORTUNATO RAMOS, 512;29055642;PRAIA DO CANTO;415;411
VITÓRIA;1252;UP - ESCOLA DE ENSINO MÉDIO E ;R. FORTUNATO RAMOS, 512;29055642;PRAIA DO CANTO;416;390
VITÓRIA;1252;UP - ESCOLA DE ENSINO MÉDIO E ;R. FORTUNATO RAMOS, 512;29055642;PRAIA DO CANTO;421;446
VITÓRIA;1252;UP - ESCOLA DE ENSINO MÉDIO E ;R. FORTUNATO RAMOS, 512;29055642;PRAIA DO CANTO;422;447
VITÓRIA;1716;ESCOLA DA ILHA NOVO MUNDO;RUA JAYME MARTINS, N 80;29055610;PRAIA DO CANTO;185;373
VITÓRIA;1716;ESCOLA DA ILHA NOVO MUNDO;RUA JAYME MARTINS, N 80;29055610;PRAIA DO CANTO;189;243
VITÓRIA;1716;ESCOLA DA ILHA NOVO MUNDO;RUA JAYME MARTINS, N 80;29055610;PRAIA DO CANTO;204;373
VITÓRIA;1716;ESCOLA DA ILHA NOVO MUNDO;RUA JAYME MARTINS, N 80;29055610;PRAIA DO CANTO;220;361
VITÓRIA;1716;ESCOLA DA ILHA NOVO MUNDO;RUA JAYME MARTINS, N 80;29055610;PRAIA DO CANTO;683;334
VITÓRIA;1716;ESCOLA DA ILHA NOVO MUNDO;RUA JAYME MARTINS, N 80;29055610;PRAIA DO CANTO;696;243
VITÓRIA;2046;ESCOLA CRESCER PHD;AV RIO BRANCO, 1805;29055643;PRAIA DO CANTO;702;382
VITÓRIA;2046;ESCOLA CRESCER PHD;AV RIO BRANCO, 1805;29055643;PRAIA DO CANTO;708;370
VITÓRIA;2046;ESCOLA CRESCER PHD;AV RIO BRANCO, 1805;29055643;PRAIA DO CANTO;714;373
VITÓRIA;2046;ESCOLA CRESCER PHD;AV RIO BRANCO, 1805;29055643;PRAIA DO CANTO;719;87
VITÓRIA;1732;CMEI MARLENE ORLANDE ;PRAÇA TERESINHA GRECCHI S/N;29070100;REPÚBLICA;442;163
VITÓRIA;1732;CMEI MARLENE ORLANDE ;PRAÇA TERESINHA GRECCHI S/N;29070100;REPÚBLICA;443;160
VITÓRIA;1732;CMEI MARLENE ORLANDE ;PRAÇA TERESINHA GRECCHI S/N;29070100;REPÚBLICA;444;159
VITÓRIA;1732;CMEI MARLENE ORLANDE ;PRAÇA TERESINHA GRECCHI S/N;29070100;REPÚBLICA;445;161
VITÓRIA;1732;CMEI MARLENE ORLANDE ;PRAÇA TERESINHA GRECCHI S/N;29070100;REPÚBLICA;446;159
VITÓRIA;1732;CMEI MARLENE ORLANDE ;PRAÇA TERESINHA GRECCHI S/N;29070100;REPÚBLICA;447;424
VITÓRIA;1732;CMEI MARLENE ORLANDE ;PRAÇA TERESINHA GRECCHI S/N;29070100;REPÚBLICA;448;163
VITÓRIA;1732;CMEI MARLENE ORLANDE ;PRAÇA TERESINHA GRECCHI S/N;29070100;REPÚBLICA;449;159
VITÓRIA;1775;EEEM ARNULPHO MATTOS;R. PRESIDENTE NEREU RAMOS, S/N;29070160;REPÚBLICA;479;333
VITÓRIA;1775;EEEM ARNULPHO MATTOS;R. PRESIDENTE NEREU RAMOS, S/N;29070160;REPÚBLICA;480;334
VITÓRIA;1775;EEEM ARNULPHO MATTOS;R. PRESIDENTE NEREU RAMOS, S/N;29070160;REPÚBLICA;481;333
VITÓRIA;1775;EEEM ARNULPHO MATTOS;R. PRESIDENTE NEREU RAMOS, S/N;29070160;REPÚBLICA;482;333
VITÓRIA;1775;EEEM ARNULPHO MATTOS;R. PRESIDENTE NEREU RAMOS, S/N;29070160;REPÚBLICA;483;334
VITÓRIA;1775;EEEM ARNULPHO MATTOS;R. PRESIDENTE NEREU RAMOS, S/N;29070160;REPÚBLICA;484;334
VITÓRIA;1775;EEEM ARNULPHO MATTOS;R. PRESIDENTE NEREU RAMOS, S/N;29070160;REPÚBLICA;485;334
VITÓRIA;1775;EEEM ARNULPHO MATTOS;R. PRESIDENTE NEREU RAMOS, S/N;29070160;REPÚBLICA;486;332
VITÓRIA;1775;EEEM ARNULPHO MATTOS;R. PRESIDENTE NEREU RAMOS, S/N;29070160;REPÚBLICA;487;330
VITÓRIA;1783;ESESP - ESCOLA DE SERVIÇO PÚBLICO ;R. FRANCISCO FUNDÃO, 155;29070100;REPÚBLICA;488;195
VITÓRIA;1783;ESESP - ESCOLA DE SERVIÇO PÚBLICO ;R. FRANCISCO FUNDÃO, 155;29070100;REPÚBLICA;489;191
VITÓRIA;1783;ESESP - ESCOLA DE SERVIÇO PÚBLICO ;R. FRANCISCO FUNDÃO, 155;29070100;REPÚBLICA;490;188
VITÓRIA;1783;ESESP - ESCOLA DE SERVIÇO PÚBLICO ;R. FRANCISCO FUNDÃO, 155;29070100;REPÚBLICA;491;192
VITÓRIA;1783;ESESP - ESCOLA DE SERVIÇO PÚBLICO ;R. FRANCISCO FUNDÃO, 155;29070100;REPÚBLICA;492;192
VITÓRIA;1783;ESESP - ESCOLA DE SERVIÇO PÚBLICO ;R. FRANCISCO FUNDÃO, 155;29070100;REPÚBLICA;493;185
VITÓRIA;1902;EMEF ARTHUR DA COSTA E SILVA;R. PRES. RODRIGUES ALVES, 255;29072610;REPÚBLICA;589;373
VITÓRIA;1902;EMEF ARTHUR DA COSTA E SILVA;R. PRES. RODRIGUES ALVES, 255;29072610;REPÚBLICA;590;374
VITÓRIA;1902;EMEF ARTHUR DA COSTA E SILVA;R. PRES. RODRIGUES ALVES, 255;29072610;REPÚBLICA;591;367
VITÓRIA;1902;EMEF ARTHUR DA COSTA E SILVA;R. PRES. RODRIGUES ALVES, 255;29072610;REPÚBLICA;592;368
VITÓRIA;1902;EMEF ARTHUR DA COSTA E SILVA;R. PRES. RODRIGUES ALVES, 255;29072610;REPÚBLICA;593;373
VITÓRIA;1015;SECRETARIA ESTADUAL DE ;AV. CEZAR HILAL, 1111;29056085;SANTA LÚCIA;1;330
VITÓRIA;1015;SECRETARIA ESTADUAL DE ;AV. CEZAR HILAL, 1111;29056085;SANTA LÚCIA;2;313
VITÓRIA;1015;SECRETARIA ESTADUAL DE ;AV. CEZAR HILAL, 1111;29056085;SANTA LÚCIA;3;325
VITÓRIA;1015;SECRETARIA ESTADUAL DE ;AV. CEZAR HILAL, 1111;29056085;SANTA LÚCIA;4;314
VITÓRIA;1015;SECRETARIA ESTADUAL DE ;AV. CEZAR HILAL, 1111;29056085;SANTA LÚCIA;5;329
VITÓRIA;1015;SECRETARIA ESTADUAL DE ;AV. CEZAR HILAL, 1111;29056085;SANTA LÚCIA;168;338
VITÓRIA;1015;SECRETARIA ESTADUAL DE ;AV. CEZAR HILAL, 1111;29056085;SANTA LÚCIA;181;309
VITÓRIA;1015;SECRETARIA ESTADUAL DE ;AV. CEZAR HILAL, 1111;29056085;SANTA LÚCIA;191;248
VITÓRIA;1023;CENTRO EDUCACIONAL ;RUA ELIAS TOMMASI SOBRINHO, 154;29052231;SANTA LÚCIA;6;372
VITÓRIA;1023;CENTRO EDUCACIONAL ;RUA ELIAS TOMMASI SOBRINHO, 154;29052231;SANTA LÚCIA;7;377
VITÓRIA;1023;CENTRO EDUCACIONAL ;RUA ELIAS TOMMASI SOBRINHO, 154;29052231;SANTA LÚCIA;8;372
VITÓRIA;1023;CENTRO EDUCACIONAL ;RUA ELIAS TOMMASI SOBRINHO, 154;29052231;SANTA LÚCIA;9;375
VITÓRIA;1023;CENTRO EDUCACIONAL ;RUA ELIAS TOMMASI SOBRINHO, 154;29052231;SANTA LÚCIA;10;376
VITÓRIA;1023;CENTRO EDUCACIONAL ;RUA ELIAS TOMMASI SOBRINHO, 154;29052231;SANTA LÚCIA;209;367
VITÓRIA;1023;CENTRO EDUCACIONAL ;RUA ELIAS TOMMASI SOBRINHO, 154;29052231;SANTA LÚCIA;430;379
VITÓRIA;1368;FDV - FACULDADE DE DIREITO DE ;RUA DR. JOÃO CARLOS DE SOUZA, 779;29056919;SANTA LÚCIA;39;334
VITÓRIA;1368;FDV - FACULDADE DE DIREITO DE ;RUA DR. JOÃO CARLOS DE SOUZA, 779;29056919;SANTA LÚCIA;40;335
VITÓRIA;1368;FDV - FACULDADE DE DIREITO DE ;RUA DR. JOÃO CARLOS DE SOUZA, 779;29056919;SANTA LÚCIA;41;329
VITÓRIA;1368;FDV - FACULDADE DE DIREITO DE ;RUA DR. JOÃO CARLOS DE SOUZA, 779;29056919;SANTA LÚCIA;42;334
VITÓRIA;1368;FDV - FACULDADE DE DIREITO DE ;RUA DR. JOÃO CARLOS DE SOUZA, 779;29056919;SANTA LÚCIA;43;335
VITÓRIA;1368;FDV - FACULDADE DE DIREITO DE ;RUA DR. JOÃO CARLOS DE SOUZA, 779;29056919;SANTA LÚCIA;44;334
VITÓRIA;1368;FDV - FACULDADE DE DIREITO DE ;RUA DR. JOÃO CARLOS DE SOUZA, 779;29056919;SANTA LÚCIA;45;331
VITÓRIA;1368;FDV - FACULDADE DE DIREITO DE ;RUA DR. JOÃO CARLOS DE SOUZA, 779;29056919;SANTA LÚCIA;180;334
VITÓRIA;1368;FDV - FACULDADE DE DIREITO DE ;RUA DR. JOÃO CARLOS DE SOUZA, 779;29056919;SANTA LÚCIA;198;335
VITÓRIA;1368;FDV - FACULDADE DE DIREITO DE ;RUA DR. JOÃO CARLOS DE SOUZA, 779;29056919;SANTA LÚCIA;227;335
VITÓRIA;1368;FDV - FACULDADE DE DIREITO DE ;RUA DR. JOÃO CARLOS DE SOUZA, 779;29056919;SANTA LÚCIA;426;358
VITÓRIA;1368;FDV - FACULDADE DE DIREITO DE ;RUA DR. JOÃO CARLOS DE SOUZA, 779;29056919;SANTA LÚCIA;431;352
VITÓRIA;1368;FDV - FACULDADE DE DIREITO DE ;RUA DR. JOÃO CARLOS DE SOUZA, 779;29056919;SANTA LÚCIA;434;334
VITÓRIA;2054;CENTRO EDUCACIONAL ;RUA CONSTANTE SODRÉ, 655;29055420;SANTA LÚCIA;143;406
VITÓRIA;2054;CENTRO EDUCACIONAL ;RUA CONSTANTE SODRÉ, 655;29055420;SANTA LÚCIA;144;399
VITÓRIA;2054;CENTRO EDUCACIONAL ;RUA CONSTANTE SODRÉ, 655;29055420;SANTA LÚCIA;700;384
VITÓRIA;2054;CENTRO EDUCACIONAL ;RUA CONSTANTE SODRÉ, 655;29055420;SANTA LÚCIA;707;376
VITÓRIA;1066;EMESCAM - ESCOLA DE ;AV. NOSSA SENHORA DA PENHA, 2190;29045402;SANTA LUÍZA;25;377
VITÓRIA;1066;EMESCAM - ESCOLA DE ;AV. NOSSA SENHORA DA PENHA, 2190;29045402;SANTA LUÍZA;26;376
VITÓRIA;1066;EMESCAM - ESCOLA DE ;AV. NOSSA SENHORA DA PENHA, 2190;29045402;SANTA LUÍZA;27;379
VITÓRIA;1066;EMESCAM - ESCOLA DE ;AV. NOSSA SENHORA DA PENHA, 2190;29045402;SANTA LUÍZA;28;380
VITÓRIA;1066;EMESCAM - ESCOLA DE ;AV. NOSSA SENHORA DA PENHA, 2190;29045402;SANTA LUÍZA;187;378
VITÓRIA;1066;EMESCAM - ESCOLA DE ;AV. NOSSA SENHORA DA PENHA, 2190;29045402;SANTA LUÍZA;231;375
VITÓRIA;1066;EMESCAM - ESCOLA DE ;AV. NOSSA SENHORA DA PENHA, 2190;29045402;SANTA LUÍZA;251;378
VITÓRIA;1805;CAJUN - SOLON BORGES;PRAÇA ODILON BRIJÓ S/N;29072075;SOLON BORGES;505;401
VITÓRIA;1805;CAJUN - SOLON BORGES;PRAÇA ODILON BRIJÓ S/N;29072075;SOLON BORGES;506;443
VITÓRIA;1805;CAJUN - SOLON BORGES;PRAÇA ODILON BRIJÓ S/N;29072075;SOLON BORGES;507;124
